block_id,folder,field_path,type,required,status,selectors,reference_ids
accordions,accordions,heading,object,False,semantic_heading_mapped,.igp-block__header | .igp-block__heading,06-interactive-utility.html#accordions:default; 06-interactive-utility.html#accordions:accordion; 06-interactive-utility.html#accordions:grouped; 06-interactive-utility.html#accordions:compact
accordions,accordions,heading.text,string,False,field_class_mapped,.igp-block__heading | .igp-pro-block-title,06-interactive-utility.html#accordions:default; 06-interactive-utility.html#accordions:accordion; 06-interactive-utility.html#accordions:grouped; 06-interactive-utility.html#accordions:compact
accordions,accordions,heading.level,enum,False,semantic_heading_mapped,.igp-block__heading--h2 | .igp-block__heading--h3 | .igp-block__heading--h4,06-interactive-utility.html#accordions:default; 06-interactive-utility.html#accordions:accordion; 06-interactive-utility.html#accordions:grouped; 06-interactive-utility.html#accordions:compact
accordions,accordions,heading.eyebrow,string,False,field_class_mapped,.igp-block__eyebrow | .igp-pro-block-eyebrow,06-interactive-utility.html#accordions:default; 06-interactive-utility.html#accordions:accordion; 06-interactive-utility.html#accordions:grouped; 06-interactive-utility.html#accordions:compact
accordions,accordions,heading.visible,boolean,False,semantic_heading_mapped,.igp-block__header | .igp-block__heading,06-interactive-utility.html#accordions:default; 06-interactive-utility.html#accordions:accordion; 06-interactive-utility.html#accordions:grouped; 06-interactive-utility.html#accordions:compact
accordions,accordions,style,object,False,style_object_mapped,.igp-block--accordions,06-interactive-utility.html#accordions:default; 06-interactive-utility.html#accordions:accordion; 06-interactive-utility.html#accordions:grouped; 06-interactive-utility.html#accordions:compact
accordions,accordions,style.variant,enum,False,style_class_mapped,.igp-variant--<schema variant>,06-interactive-utility.html#accordions:default; 06-interactive-utility.html#accordions:accordion; 06-interactive-utility.html#accordions:grouped; 06-interactive-utility.html#accordions:compact
accordions,accordions,style.density,enum,False,style_class_mapped,.igp-density--compact | .igp-density--comfortable | .igp-density--spacious,06-interactive-utility.html#accordions:default; 06-interactive-utility.html#accordions:accordion; 06-interactive-utility.html#accordions:grouped; 06-interactive-utility.html#accordions:compact
accordions,accordions,style.theme,enum,False,style_class_mapped,.igp-theme--default | .igp-theme--brand | .igp-theme--neutral | .igp-theme--light | .igp-theme--dark | .igp-theme--accent | .igp-theme--muted,06-interactive-utility.html#accordions:default; 06-interactive-utility.html#accordions:accordion; 06-interactive-utility.html#accordions:grouped; 06-interactive-utility.html#accordions:compact
accordions,accordions,style.container,enum,False,style_class_mapped,.igp-container--narrow | .igp-container--default | .igp-container--wide | .igp-container--full,06-interactive-utility.html#accordions:default; 06-interactive-utility.html#accordions:accordion; 06-interactive-utility.html#accordions:grouped; 06-interactive-utility.html#accordions:compact
accordions,accordions,style.surface,enum,False,style_class_mapped,.igp-surface--default | .igp-surface--flat | .igp-surface--elevated | .igp-surface--card | .igp-surface--tinted | .igp-surface--transparent,06-interactive-utility.html#accordions:default; 06-interactive-utility.html#accordions:accordion; 06-interactive-utility.html#accordions:grouped; 06-interactive-utility.html#accordions:compact
accordions,accordions,style.media_position,enum,False,style_class_mapped,.igp-media-position--auto | .igp-media-position--left | .igp-media-position--right | .igp-media-position--top | .igp-media-position--bottom | .igp-media-position--background | .igp-media-position--none,06-interactive-utility.html#accordions:default; 06-interactive-utility.html#accordions:accordion; 06-interactive-utility.html#accordions:grouped; 06-interactive-utility.html#accordions:compact
accordions,accordions,items,repeater,False,field_class_mapped,.igp-pro-accordions__items,06-interactive-utility.html#accordions:default; 06-interactive-utility.html#accordions:accordion; 06-interactive-utility.html#accordions:grouped; 06-interactive-utility.html#accordions:compact
accordions,accordions,items[].heading,string,False,field_class_mapped,.igp-pro-accordions__heading,06-interactive-utility.html#accordions:default; 06-interactive-utility.html#accordions:accordion; 06-interactive-utility.html#accordions:grouped; 06-interactive-utility.html#accordions:compact
accordions,accordions,items[].content,text,False,field_class_mapped,.igp-pro-accordions__content,06-interactive-utility.html#accordions:default; 06-interactive-utility.html#accordions:accordion; 06-interactive-utility.html#accordions:grouped; 06-interactive-utility.html#accordions:compact
best_time_to_visit,best-time-to-visit,heading,object,True,semantic_heading_mapped,.igp-block__header | .igp-block__heading,03-visual-proof-local-context.html#best-time-to-visit:default; 03-visual-proof-local-context.html#best-time-to-visit:seasons; 03-visual-proof-local-context.html#best-time-to-visit:monthly; 03-visual-proof-local-context.html#best-time-to-visit:compact
best_time_to_visit,best-time-to-visit,heading.text,string,True,field_class_mapped,.igp-block__heading | .igp-pro-block-title,03-visual-proof-local-context.html#best-time-to-visit:default; 03-visual-proof-local-context.html#best-time-to-visit:seasons; 03-visual-proof-local-context.html#best-time-to-visit:monthly; 03-visual-proof-local-context.html#best-time-to-visit:compact
best_time_to_visit,best-time-to-visit,heading.level,enum,False,semantic_heading_mapped,.igp-block__heading--h2 | .igp-block__heading--h3 | .igp-block__heading--h4,03-visual-proof-local-context.html#best-time-to-visit:default; 03-visual-proof-local-context.html#best-time-to-visit:seasons; 03-visual-proof-local-context.html#best-time-to-visit:monthly; 03-visual-proof-local-context.html#best-time-to-visit:compact
best_time_to_visit,best-time-to-visit,heading.eyebrow,string,False,field_class_mapped,.igp-block__eyebrow | .igp-pro-block-eyebrow,03-visual-proof-local-context.html#best-time-to-visit:default; 03-visual-proof-local-context.html#best-time-to-visit:seasons; 03-visual-proof-local-context.html#best-time-to-visit:monthly; 03-visual-proof-local-context.html#best-time-to-visit:compact
best_time_to_visit,best-time-to-visit,heading.visible,boolean,False,semantic_heading_mapped,.igp-block__header | .igp-block__heading,03-visual-proof-local-context.html#best-time-to-visit:default; 03-visual-proof-local-context.html#best-time-to-visit:seasons; 03-visual-proof-local-context.html#best-time-to-visit:monthly; 03-visual-proof-local-context.html#best-time-to-visit:compact
best_time_to_visit,best-time-to-visit,style,object,False,style_object_mapped,.igp-block--best-time-to-visit,03-visual-proof-local-context.html#best-time-to-visit:default; 03-visual-proof-local-context.html#best-time-to-visit:seasons; 03-visual-proof-local-context.html#best-time-to-visit:monthly; 03-visual-proof-local-context.html#best-time-to-visit:compact
best_time_to_visit,best-time-to-visit,style.variant,enum,False,style_class_mapped,.igp-variant--<schema variant>,03-visual-proof-local-context.html#best-time-to-visit:default; 03-visual-proof-local-context.html#best-time-to-visit:seasons; 03-visual-proof-local-context.html#best-time-to-visit:monthly; 03-visual-proof-local-context.html#best-time-to-visit:compact
best_time_to_visit,best-time-to-visit,style.density,enum,False,style_class_mapped,.igp-density--compact | .igp-density--comfortable | .igp-density--spacious,03-visual-proof-local-context.html#best-time-to-visit:default; 03-visual-proof-local-context.html#best-time-to-visit:seasons; 03-visual-proof-local-context.html#best-time-to-visit:monthly; 03-visual-proof-local-context.html#best-time-to-visit:compact
best_time_to_visit,best-time-to-visit,style.theme,enum,False,style_class_mapped,.igp-theme--default | .igp-theme--brand | .igp-theme--neutral | .igp-theme--light | .igp-theme--dark | .igp-theme--accent | .igp-theme--muted,03-visual-proof-local-context.html#best-time-to-visit:default; 03-visual-proof-local-context.html#best-time-to-visit:seasons; 03-visual-proof-local-context.html#best-time-to-visit:monthly; 03-visual-proof-local-context.html#best-time-to-visit:compact
best_time_to_visit,best-time-to-visit,style.container,enum,False,style_class_mapped,.igp-container--narrow | .igp-container--default | .igp-container--wide | .igp-container--full,03-visual-proof-local-context.html#best-time-to-visit:default; 03-visual-proof-local-context.html#best-time-to-visit:seasons; 03-visual-proof-local-context.html#best-time-to-visit:monthly; 03-visual-proof-local-context.html#best-time-to-visit:compact
best_time_to_visit,best-time-to-visit,style.surface,enum,False,style_class_mapped,.igp-surface--default | .igp-surface--flat | .igp-surface--elevated | .igp-surface--card | .igp-surface--tinted | .igp-surface--transparent,03-visual-proof-local-context.html#best-time-to-visit:default; 03-visual-proof-local-context.html#best-time-to-visit:seasons; 03-visual-proof-local-context.html#best-time-to-visit:monthly; 03-visual-proof-local-context.html#best-time-to-visit:compact
best_time_to_visit,best-time-to-visit,style.media_position,enum,False,style_class_mapped,.igp-media-position--auto | .igp-media-position--left | .igp-media-position--right | .igp-media-position--top | .igp-media-position--bottom | .igp-media-position--background | .igp-media-position--none,03-visual-proof-local-context.html#best-time-to-visit:default; 03-visual-proof-local-context.html#best-time-to-visit:seasons; 03-visual-proof-local-context.html#best-time-to-visit:monthly; 03-visual-proof-local-context.html#best-time-to-visit:compact
best_time_to_visit,best-time-to-visit,intro,text,False,field_class_mapped,.igp-pro-best-time-to-visit__intro,03-visual-proof-local-context.html#best-time-to-visit:default; 03-visual-proof-local-context.html#best-time-to-visit:seasons; 03-visual-proof-local-context.html#best-time-to-visit:monthly; 03-visual-proof-local-context.html#best-time-to-visit:compact
best_time_to_visit,best-time-to-visit,best_months,string,False,field_class_mapped,.igp-pro-best-time-to-visit__summary,03-visual-proof-local-context.html#best-time-to-visit:default; 03-visual-proof-local-context.html#best-time-to-visit:seasons; 03-visual-proof-local-context.html#best-time-to-visit:monthly; 03-visual-proof-local-context.html#best-time-to-visit:compact
best_time_to_visit,best-time-to-visit,weather_summary,text,False,field_class_mapped,.igp-pro-best-time-to-visit__summary,03-visual-proof-local-context.html#best-time-to-visit:default; 03-visual-proof-local-context.html#best-time-to-visit:seasons; 03-visual-proof-local-context.html#best-time-to-visit:monthly; 03-visual-proof-local-context.html#best-time-to-visit:compact
best_time_to_visit,best-time-to-visit,seasons,repeater,False,field_class_mapped,.igp-pro-best-time-to-visit__seasons,03-visual-proof-local-context.html#best-time-to-visit:default; 03-visual-proof-local-context.html#best-time-to-visit:seasons; 03-visual-proof-local-context.html#best-time-to-visit:monthly; 03-visual-proof-local-context.html#best-time-to-visit:compact
best_time_to_visit,best-time-to-visit,seasons[].name,string,True,field_class_mapped,.igp-pro-season-card h3,03-visual-proof-local-context.html#best-time-to-visit:default; 03-visual-proof-local-context.html#best-time-to-visit:seasons; 03-visual-proof-local-context.html#best-time-to-visit:monthly; 03-visual-proof-local-context.html#best-time-to-visit:compact
best_time_to_visit,best-time-to-visit,seasons[].months,string,False,field_class_mapped,.igp-pro-season-card__meta,03-visual-proof-local-context.html#best-time-to-visit:default; 03-visual-proof-local-context.html#best-time-to-visit:seasons; 03-visual-proof-local-context.html#best-time-to-visit:monthly; 03-visual-proof-local-context.html#best-time-to-visit:compact
best_time_to_visit,best-time-to-visit,seasons[].temperature,string,False,field_class_mapped,.igp-pro-season-card__meta,03-visual-proof-local-context.html#best-time-to-visit:default; 03-visual-proof-local-context.html#best-time-to-visit:seasons; 03-visual-proof-local-context.html#best-time-to-visit:monthly; 03-visual-proof-local-context.html#best-time-to-visit:compact
best_time_to_visit,best-time-to-visit,seasons[].description,text,False,field_class_mapped,.igp-pro-season-card p,03-visual-proof-local-context.html#best-time-to-visit:default; 03-visual-proof-local-context.html#best-time-to-visit:seasons; 03-visual-proof-local-context.html#best-time-to-visit:monthly; 03-visual-proof-local-context.html#best-time-to-visit:compact
best_time_to_visit,best-time-to-visit,seasons[].best_for,string,False,field_class_mapped,.igp-pro-season-card p strong,03-visual-proof-local-context.html#best-time-to-visit:default; 03-visual-proof-local-context.html#best-time-to-visit:seasons; 03-visual-proof-local-context.html#best-time-to-visit:monthly; 03-visual-proof-local-context.html#best-time-to-visit:compact
best_time_to_visit,best-time-to-visit,tips,repeater,False,field_class_mapped,.igp-pro-best-time-to-visit__tips,03-visual-proof-local-context.html#best-time-to-visit:default; 03-visual-proof-local-context.html#best-time-to-visit:seasons; 03-visual-proof-local-context.html#best-time-to-visit:monthly; 03-visual-proof-local-context.html#best-time-to-visit:compact
best_time_to_visit,best-time-to-visit,tips[].item,string,True,field_class_mapped,.igp-pro-best-time-to-visit__tips li,03-visual-proof-local-context.html#best-time-to-visit:default; 03-visual-proof-local-context.html#best-time-to-visit:seasons; 03-visual-proof-local-context.html#best-time-to-visit:monthly; 03-visual-proof-local-context.html#best-time-to-visit:compact
breadcrumb,breadcrumb,source,enum,False,field_class_mapped,.igp-pro-breadcrumb,05-pricing-location-booking.html#breadcrumb:default; 05-pricing-location-booking.html#breadcrumb:compact
breadcrumb,breadcrumb,items,repeater,False,field_class_mapped,.igp-pro-breadcrumb__list,05-pricing-location-booking.html#breadcrumb:default; 05-pricing-location-booking.html#breadcrumb:compact
breadcrumb,breadcrumb,items[].label,string,False,field_class_mapped,.igp-pro-breadcrumb__item,05-pricing-location-booking.html#breadcrumb:default; 05-pricing-location-booking.html#breadcrumb:compact
breadcrumb,breadcrumb,items[].url,string,False,field_class_mapped,.igp-pro-breadcrumb__item a,05-pricing-location-booking.html#breadcrumb:default; 05-pricing-location-booking.html#breadcrumb:compact
breadcrumb,breadcrumb,show_current,boolean,False,field_class_mapped,".igp-pro-breadcrumb__item [aria-current=""page""]",05-pricing-location-booking.html#breadcrumb:default; 05-pricing-location-booking.html#breadcrumb:compact
breadcrumb,breadcrumb,style,object,False,style_object_mapped,.igp-block--breadcrumb,05-pricing-location-booking.html#breadcrumb:default; 05-pricing-location-booking.html#breadcrumb:compact
breadcrumb,breadcrumb,style.variant,enum,False,style_class_mapped,.igp-variant--<schema variant>,05-pricing-location-booking.html#breadcrumb:default; 05-pricing-location-booking.html#breadcrumb:compact
breadcrumb,breadcrumb,style.density,enum,False,style_class_mapped,.igp-density--compact | .igp-density--comfortable | .igp-density--spacious,05-pricing-location-booking.html#breadcrumb:default; 05-pricing-location-booking.html#breadcrumb:compact
breadcrumb,breadcrumb,style.theme,enum,False,style_class_mapped,.igp-theme--default | .igp-theme--brand | .igp-theme--neutral | .igp-theme--light | .igp-theme--dark | .igp-theme--accent | .igp-theme--muted,05-pricing-location-booking.html#breadcrumb:default; 05-pricing-location-booking.html#breadcrumb:compact
breadcrumb,breadcrumb,style.container,enum,False,style_class_mapped,.igp-container--narrow | .igp-container--default | .igp-container--wide | .igp-container--full,05-pricing-location-booking.html#breadcrumb:default; 05-pricing-location-booking.html#breadcrumb:compact
breadcrumb,breadcrumb,style.surface,enum,False,style_class_mapped,.igp-surface--default | .igp-surface--flat | .igp-surface--elevated | .igp-surface--card | .igp-surface--tinted | .igp-surface--transparent,05-pricing-location-booking.html#breadcrumb:default; 05-pricing-location-booking.html#breadcrumb:compact
breadcrumb,breadcrumb,style.media_position,enum,False,style_class_mapped,.igp-media-position--auto | .igp-media-position--left | .igp-media-position--right | .igp-media-position--top | .igp-media-position--bottom | .igp-media-position--background | .igp-media-position--none,05-pricing-location-booking.html#breadcrumb:default; 05-pricing-location-booking.html#breadcrumb:compact
brochure_cta,brochure-cta,heading,object,True,semantic_heading_mapped,.igp-block__header | .igp-block__heading,01-foundation-conversion.html#brochure-cta:default; 01-foundation-conversion.html#brochure-cta:banner; 01-foundation-conversion.html#brochure-cta:card; 01-foundation-conversion.html#brochure-cta:inline
brochure_cta,brochure-cta,heading.text,string,True,field_class_mapped,.igp-block__heading | .igp-pro-block-title,01-foundation-conversion.html#brochure-cta:default; 01-foundation-conversion.html#brochure-cta:banner; 01-foundation-conversion.html#brochure-cta:card; 01-foundation-conversion.html#brochure-cta:inline
brochure_cta,brochure-cta,heading.level,enum,False,semantic_heading_mapped,.igp-block__heading--h2 | .igp-block__heading--h3 | .igp-block__heading--h4,01-foundation-conversion.html#brochure-cta:default; 01-foundation-conversion.html#brochure-cta:banner; 01-foundation-conversion.html#brochure-cta:card; 01-foundation-conversion.html#brochure-cta:inline
brochure_cta,brochure-cta,heading.eyebrow,string,False,field_class_mapped,.igp-block__eyebrow | .igp-pro-block-eyebrow,01-foundation-conversion.html#brochure-cta:default; 01-foundation-conversion.html#brochure-cta:banner; 01-foundation-conversion.html#brochure-cta:card; 01-foundation-conversion.html#brochure-cta:inline
brochure_cta,brochure-cta,heading.visible,boolean,False,semantic_heading_mapped,.igp-block__header | .igp-block__heading,01-foundation-conversion.html#brochure-cta:default; 01-foundation-conversion.html#brochure-cta:banner; 01-foundation-conversion.html#brochure-cta:card; 01-foundation-conversion.html#brochure-cta:inline
brochure_cta,brochure-cta,style,object,False,style_object_mapped,.igp-block--brochure-cta,01-foundation-conversion.html#brochure-cta:default; 01-foundation-conversion.html#brochure-cta:banner; 01-foundation-conversion.html#brochure-cta:card; 01-foundation-conversion.html#brochure-cta:inline
brochure_cta,brochure-cta,style.variant,enum,False,style_class_mapped,.igp-variant--<schema variant>,01-foundation-conversion.html#brochure-cta:default; 01-foundation-conversion.html#brochure-cta:banner; 01-foundation-conversion.html#brochure-cta:card; 01-foundation-conversion.html#brochure-cta:inline
brochure_cta,brochure-cta,style.density,enum,False,style_class_mapped,.igp-density--compact | .igp-density--comfortable | .igp-density--spacious,01-foundation-conversion.html#brochure-cta:default; 01-foundation-conversion.html#brochure-cta:banner; 01-foundation-conversion.html#brochure-cta:card; 01-foundation-conversion.html#brochure-cta:inline
brochure_cta,brochure-cta,style.theme,enum,False,style_class_mapped,.igp-theme--default | .igp-theme--brand | .igp-theme--neutral | .igp-theme--light | .igp-theme--dark | .igp-theme--accent | .igp-theme--muted,01-foundation-conversion.html#brochure-cta:default; 01-foundation-conversion.html#brochure-cta:banner; 01-foundation-conversion.html#brochure-cta:card; 01-foundation-conversion.html#brochure-cta:inline
brochure_cta,brochure-cta,style.container,enum,False,style_class_mapped,.igp-container--narrow | .igp-container--default | .igp-container--wide | .igp-container--full,01-foundation-conversion.html#brochure-cta:default; 01-foundation-conversion.html#brochure-cta:banner; 01-foundation-conversion.html#brochure-cta:card; 01-foundation-conversion.html#brochure-cta:inline
brochure_cta,brochure-cta,style.surface,enum,False,style_class_mapped,.igp-surface--default | .igp-surface--flat | .igp-surface--elevated | .igp-surface--card | .igp-surface--tinted | .igp-surface--transparent,01-foundation-conversion.html#brochure-cta:default; 01-foundation-conversion.html#brochure-cta:banner; 01-foundation-conversion.html#brochure-cta:card; 01-foundation-conversion.html#brochure-cta:inline
brochure_cta,brochure-cta,style.media_position,enum,False,style_class_mapped,.igp-media-position--auto | .igp-media-position--left | .igp-media-position--right | .igp-media-position--top | .igp-media-position--bottom | .igp-media-position--background | .igp-media-position--none,01-foundation-conversion.html#brochure-cta:default; 01-foundation-conversion.html#brochure-cta:banner; 01-foundation-conversion.html#brochure-cta:card; 01-foundation-conversion.html#brochure-cta:inline
brochure_cta,brochure-cta,description,text,False,field_class_mapped,.igp-pro-brochure-cta__body p,01-foundation-conversion.html#brochure-cta:default; 01-foundation-conversion.html#brochure-cta:banner; 01-foundation-conversion.html#brochure-cta:card; 01-foundation-conversion.html#brochure-cta:inline
brochure_cta,brochure-cta,file_url,string,False,field_class_mapped,.igp-pro-brochure-cta__actions .igp-pro-button:not(.igp-pro-button--secondary),01-foundation-conversion.html#brochure-cta:default; 01-foundation-conversion.html#brochure-cta:banner; 01-foundation-conversion.html#brochure-cta:card; 01-foundation-conversion.html#brochure-cta:inline
brochure_cta,brochure-cta,button_label,string,False,field_class_mapped,.igp-pro-brochure-cta__actions .igp-pro-button:not(.igp-pro-button--secondary),01-foundation-conversion.html#brochure-cta:default; 01-foundation-conversion.html#brochure-cta:banner; 01-foundation-conversion.html#brochure-cta:card; 01-foundation-conversion.html#brochure-cta:inline
brochure_cta,brochure-cta,secondary_label,string,False,field_class_mapped,.igp-pro-brochure-cta__actions .igp-pro-button--secondary,01-foundation-conversion.html#brochure-cta:default; 01-foundation-conversion.html#brochure-cta:banner; 01-foundation-conversion.html#brochure-cta:card; 01-foundation-conversion.html#brochure-cta:inline
brochure_cta,brochure-cta,secondary_url,string,False,field_class_mapped,.igp-pro-brochure-cta__actions .igp-pro-button--secondary,01-foundation-conversion.html#brochure-cta:default; 01-foundation-conversion.html#brochure-cta:banner; 01-foundation-conversion.html#brochure-cta:card; 01-foundation-conversion.html#brochure-cta:inline
brochure_cta,brochure-cta,form_note,string,False,field_class_mapped,.igp-pro-brochure-cta__note,01-foundation-conversion.html#brochure-cta:default; 01-foundation-conversion.html#brochure-cta:banner; 01-foundation-conversion.html#brochure-cta:card; 01-foundation-conversion.html#brochure-cta:inline
cta,cta,heading,object,False,semantic_heading_mapped,.igp-block__header | .igp-block__heading,01-foundation-conversion.html#cta:default; 01-foundation-conversion.html#cta:inline; 01-foundation-conversion.html#cta:banner; 01-foundation-conversion.html#cta:split; 01-foundation-conversion.html#cta:card
cta,cta,heading.text,string,False,field_class_mapped,.igp-block__heading | .igp-pro-block-title,01-foundation-conversion.html#cta:default; 01-foundation-conversion.html#cta:inline; 01-foundation-conversion.html#cta:banner; 01-foundation-conversion.html#cta:split; 01-foundation-conversion.html#cta:card
cta,cta,heading.level,enum,False,semantic_heading_mapped,.igp-block__heading--h2 | .igp-block__heading--h3 | .igp-block__heading--h4,01-foundation-conversion.html#cta:default; 01-foundation-conversion.html#cta:inline; 01-foundation-conversion.html#cta:banner; 01-foundation-conversion.html#cta:split; 01-foundation-conversion.html#cta:card
cta,cta,heading.eyebrow,string,False,field_class_mapped,.igp-block__eyebrow | .igp-pro-block-eyebrow,01-foundation-conversion.html#cta:default; 01-foundation-conversion.html#cta:inline; 01-foundation-conversion.html#cta:banner; 01-foundation-conversion.html#cta:split; 01-foundation-conversion.html#cta:card
cta,cta,heading.visible,boolean,False,semantic_heading_mapped,.igp-block__header | .igp-block__heading,01-foundation-conversion.html#cta:default; 01-foundation-conversion.html#cta:inline; 01-foundation-conversion.html#cta:banner; 01-foundation-conversion.html#cta:split; 01-foundation-conversion.html#cta:card
cta,cta,style,object,False,style_object_mapped,.igp-block--cta,01-foundation-conversion.html#cta:default; 01-foundation-conversion.html#cta:inline; 01-foundation-conversion.html#cta:banner; 01-foundation-conversion.html#cta:split; 01-foundation-conversion.html#cta:card
cta,cta,style.variant,enum,False,style_class_mapped,.igp-variant--<schema variant>,01-foundation-conversion.html#cta:default; 01-foundation-conversion.html#cta:inline; 01-foundation-conversion.html#cta:banner; 01-foundation-conversion.html#cta:split; 01-foundation-conversion.html#cta:card
cta,cta,style.density,enum,False,style_class_mapped,.igp-density--compact | .igp-density--comfortable | .igp-density--spacious,01-foundation-conversion.html#cta:default; 01-foundation-conversion.html#cta:inline; 01-foundation-conversion.html#cta:banner; 01-foundation-conversion.html#cta:split; 01-foundation-conversion.html#cta:card
cta,cta,style.theme,enum,False,style_class_mapped,.igp-theme--default | .igp-theme--brand | .igp-theme--neutral | .igp-theme--light | .igp-theme--dark | .igp-theme--accent | .igp-theme--muted,01-foundation-conversion.html#cta:default; 01-foundation-conversion.html#cta:inline; 01-foundation-conversion.html#cta:banner; 01-foundation-conversion.html#cta:split; 01-foundation-conversion.html#cta:card
cta,cta,style.container,enum,False,style_class_mapped,.igp-container--narrow | .igp-container--default | .igp-container--wide | .igp-container--full,01-foundation-conversion.html#cta:default; 01-foundation-conversion.html#cta:inline; 01-foundation-conversion.html#cta:banner; 01-foundation-conversion.html#cta:split; 01-foundation-conversion.html#cta:card
cta,cta,style.surface,enum,False,style_class_mapped,.igp-surface--default | .igp-surface--flat | .igp-surface--elevated | .igp-surface--card | .igp-surface--tinted | .igp-surface--transparent,01-foundation-conversion.html#cta:default; 01-foundation-conversion.html#cta:inline; 01-foundation-conversion.html#cta:banner; 01-foundation-conversion.html#cta:split; 01-foundation-conversion.html#cta:card
cta,cta,style.media_position,enum,False,style_class_mapped,.igp-media-position--auto | .igp-media-position--left | .igp-media-position--right | .igp-media-position--top | .igp-media-position--bottom | .igp-media-position--background | .igp-media-position--none,01-foundation-conversion.html#cta:default; 01-foundation-conversion.html#cta:inline; 01-foundation-conversion.html#cta:banner; 01-foundation-conversion.html#cta:split; 01-foundation-conversion.html#cta:card
cta,cta,subheading,string,False,field_class_mapped,.igp-pro-cta__subheading,01-foundation-conversion.html#cta:default; 01-foundation-conversion.html#cta:inline; 01-foundation-conversion.html#cta:banner; 01-foundation-conversion.html#cta:split; 01-foundation-conversion.html#cta:card
cta,cta,button,object,False,field_class_mapped,.igp-pro-cta__button--primary,01-foundation-conversion.html#cta:default; 01-foundation-conversion.html#cta:inline; 01-foundation-conversion.html#cta:banner; 01-foundation-conversion.html#cta:split; 01-foundation-conversion.html#cta:card
cta,cta,button.label,string,False,field_class_mapped,.igp-pro-cta__button--primary,01-foundation-conversion.html#cta:default; 01-foundation-conversion.html#cta:inline; 01-foundation-conversion.html#cta:banner; 01-foundation-conversion.html#cta:split; 01-foundation-conversion.html#cta:card
cta,cta,button.url,string,False,field_class_mapped,.igp-pro-cta__button--primary,01-foundation-conversion.html#cta:default; 01-foundation-conversion.html#cta:inline; 01-foundation-conversion.html#cta:banner; 01-foundation-conversion.html#cta:split; 01-foundation-conversion.html#cta:card
cta,cta,secondary_button,object,False,field_class_mapped,.igp-pro-cta__button--secondary,01-foundation-conversion.html#cta:default; 01-foundation-conversion.html#cta:inline; 01-foundation-conversion.html#cta:banner; 01-foundation-conversion.html#cta:split; 01-foundation-conversion.html#cta:card
cta,cta,secondary_button.label,string,False,field_class_mapped,.igp-pro-cta__button--secondary,01-foundation-conversion.html#cta:default; 01-foundation-conversion.html#cta:inline; 01-foundation-conversion.html#cta:banner; 01-foundation-conversion.html#cta:split; 01-foundation-conversion.html#cta:card
cta,cta,secondary_button.url,string,False,field_class_mapped,.igp-pro-cta__button--secondary,01-foundation-conversion.html#cta:default; 01-foundation-conversion.html#cta:inline; 01-foundation-conversion.html#cta:banner; 01-foundation-conversion.html#cta:split; 01-foundation-conversion.html#cta:card
cta,cta,alignment,enum,False,field_class_mapped,.igp-pro-cta--left | .igp-pro-cta--center | .igp-pro-cta--right,01-foundation-conversion.html#cta:default; 01-foundation-conversion.html#cta:inline; 01-foundation-conversion.html#cta:banner; 01-foundation-conversion.html#cta:split; 01-foundation-conversion.html#cta:card
cta,cta,show_badges,boolean,False,field_class_mapped,.igp-pro-cta__badges,01-foundation-conversion.html#cta:default; 01-foundation-conversion.html#cta:inline; 01-foundation-conversion.html#cta:banner; 01-foundation-conversion.html#cta:split; 01-foundation-conversion.html#cta:card
cta,cta,badges,repeater,False,field_class_mapped,.igp-pro-cta__badges,01-foundation-conversion.html#cta:default; 01-foundation-conversion.html#cta:inline; 01-foundation-conversion.html#cta:banner; 01-foundation-conversion.html#cta:split; 01-foundation-conversion.html#cta:card
departure_dates,departure-dates,heading,object,True,semantic_heading_mapped,.igp-block__header | .igp-block__heading,04-journey-logistics.html#departure-dates:default; 04-journey-logistics.html#departure-dates:table; 04-journey-logistics.html#departure-dates:cards; 04-journey-logistics.html#departure-dates:compact
departure_dates,departure-dates,heading.text,string,True,field_class_mapped,.igp-block__heading | .igp-pro-block-title,04-journey-logistics.html#departure-dates:default; 04-journey-logistics.html#departure-dates:table; 04-journey-logistics.html#departure-dates:cards; 04-journey-logistics.html#departure-dates:compact
departure_dates,departure-dates,heading.level,enum,False,semantic_heading_mapped,.igp-block__heading--h2 | .igp-block__heading--h3 | .igp-block__heading--h4,04-journey-logistics.html#departure-dates:default; 04-journey-logistics.html#departure-dates:table; 04-journey-logistics.html#departure-dates:cards; 04-journey-logistics.html#departure-dates:compact
departure_dates,departure-dates,heading.eyebrow,string,False,field_class_mapped,.igp-block__eyebrow | .igp-pro-block-eyebrow,04-journey-logistics.html#departure-dates:default; 04-journey-logistics.html#departure-dates:table; 04-journey-logistics.html#departure-dates:cards; 04-journey-logistics.html#departure-dates:compact
departure_dates,departure-dates,heading.visible,boolean,False,semantic_heading_mapped,.igp-block__header | .igp-block__heading,04-journey-logistics.html#departure-dates:default; 04-journey-logistics.html#departure-dates:table; 04-journey-logistics.html#departure-dates:cards; 04-journey-logistics.html#departure-dates:compact
departure_dates,departure-dates,style,object,False,style_object_mapped,.igp-block--departure-dates,04-journey-logistics.html#departure-dates:default; 04-journey-logistics.html#departure-dates:table; 04-journey-logistics.html#departure-dates:cards; 04-journey-logistics.html#departure-dates:compact
departure_dates,departure-dates,style.variant,enum,False,style_class_mapped,.igp-variant--<schema variant>,04-journey-logistics.html#departure-dates:default; 04-journey-logistics.html#departure-dates:table; 04-journey-logistics.html#departure-dates:cards; 04-journey-logistics.html#departure-dates:compact
departure_dates,departure-dates,style.density,enum,False,style_class_mapped,.igp-density--compact | .igp-density--comfortable | .igp-density--spacious,04-journey-logistics.html#departure-dates:default; 04-journey-logistics.html#departure-dates:table; 04-journey-logistics.html#departure-dates:cards; 04-journey-logistics.html#departure-dates:compact
departure_dates,departure-dates,style.theme,enum,False,style_class_mapped,.igp-theme--default | .igp-theme--brand | .igp-theme--neutral | .igp-theme--light | .igp-theme--dark | .igp-theme--accent | .igp-theme--muted,04-journey-logistics.html#departure-dates:default; 04-journey-logistics.html#departure-dates:table; 04-journey-logistics.html#departure-dates:cards; 04-journey-logistics.html#departure-dates:compact
departure_dates,departure-dates,style.container,enum,False,style_class_mapped,.igp-container--narrow | .igp-container--default | .igp-container--wide | .igp-container--full,04-journey-logistics.html#departure-dates:default; 04-journey-logistics.html#departure-dates:table; 04-journey-logistics.html#departure-dates:cards; 04-journey-logistics.html#departure-dates:compact
departure_dates,departure-dates,style.surface,enum,False,style_class_mapped,.igp-surface--default | .igp-surface--flat | .igp-surface--elevated | .igp-surface--card | .igp-surface--tinted | .igp-surface--transparent,04-journey-logistics.html#departure-dates:default; 04-journey-logistics.html#departure-dates:table; 04-journey-logistics.html#departure-dates:cards; 04-journey-logistics.html#departure-dates:compact
departure_dates,departure-dates,style.media_position,enum,False,style_class_mapped,.igp-media-position--auto | .igp-media-position--left | .igp-media-position--right | .igp-media-position--top | .igp-media-position--bottom | .igp-media-position--background | .igp-media-position--none,04-journey-logistics.html#departure-dates:default; 04-journey-logistics.html#departure-dates:table; 04-journey-logistics.html#departure-dates:cards; 04-journey-logistics.html#departure-dates:compact
departure_dates,departure-dates,intro,text,False,field_class_mapped,.igp-pro-departure-dates__intro,04-journey-logistics.html#departure-dates:default; 04-journey-logistics.html#departure-dates:table; 04-journey-logistics.html#departure-dates:cards; 04-journey-logistics.html#departure-dates:compact
departure_dates,departure-dates,dates,repeater,False,field_class_mapped,.igp-pro-departure-dates__table,04-journey-logistics.html#departure-dates:default; 04-journey-logistics.html#departure-dates:table; 04-journey-logistics.html#departure-dates:cards; 04-journey-logistics.html#departure-dates:compact
departure_dates,departure-dates,dates[].start_date,string,True,field_class_mapped,.igp-pro-departure-dates__row td:nth-child(1),04-journey-logistics.html#departure-dates:default; 04-journey-logistics.html#departure-dates:table; 04-journey-logistics.html#departure-dates:cards; 04-journey-logistics.html#departure-dates:compact
departure_dates,departure-dates,dates[].end_date,string,False,field_class_mapped,.igp-pro-departure-dates__row td:nth-child(2),04-journey-logistics.html#departure-dates:default; 04-journey-logistics.html#departure-dates:table; 04-journey-logistics.html#departure-dates:cards; 04-journey-logistics.html#departure-dates:compact
departure_dates,departure-dates,dates[].status,enum,False,field_class_mapped,.igp-pro-departure-dates__status,04-journey-logistics.html#departure-dates:default; 04-journey-logistics.html#departure-dates:table; 04-journey-logistics.html#departure-dates:cards; 04-journey-logistics.html#departure-dates:compact
departure_dates,departure-dates,dates[].price,string,False,field_class_mapped,.igp-pro-departure-dates__row td:nth-child(4),04-journey-logistics.html#departure-dates:default; 04-journey-logistics.html#departure-dates:table; 04-journey-logistics.html#departure-dates:cards; 04-journey-logistics.html#departure-dates:compact
departure_dates,departure-dates,dates[].currency,string,False,field_class_mapped,.igp-pro-departure-dates__row td:nth-child(4),04-journey-logistics.html#departure-dates:default; 04-journey-logistics.html#departure-dates:table; 04-journey-logistics.html#departure-dates:cards; 04-journey-logistics.html#departure-dates:compact
departure_dates,departure-dates,dates[].seats_left,number,False,field_class_mapped,.igp-pro-departure-dates__row td:nth-child(5),04-journey-logistics.html#departure-dates:default; 04-journey-logistics.html#departure-dates:table; 04-journey-logistics.html#departure-dates:cards; 04-journey-logistics.html#departure-dates:compact
departure_dates,departure-dates,dates[].booking_url,string,False,field_class_mapped,.igp-pro-departure-dates__row .igp-pro-button,04-journey-logistics.html#departure-dates:default; 04-journey-logistics.html#departure-dates:table; 04-journey-logistics.html#departure-dates:cards; 04-journey-logistics.html#departure-dates:compact
departure_dates,departure-dates,dates[].note,string,False,field_class_mapped,.igp-pro-departure-dates__row small,04-journey-logistics.html#departure-dates:default; 04-journey-logistics.html#departure-dates:table; 04-journey-logistics.html#departure-dates:cards; 04-journey-logistics.html#departure-dates:compact
departure_dates,departure-dates,footnote,text,False,field_class_mapped,.igp-pro-departure-dates__footnote,04-journey-logistics.html#departure-dates:default; 04-journey-logistics.html#departure-dates:table; 04-journey-logistics.html#departure-dates:cards; 04-journey-logistics.html#departure-dates:compact
destination_cards,destination-cards,heading,object,False,semantic_heading_mapped,.igp-block__header | .igp-block__heading,02-listing-card-systems.html#destination-cards:default; 02-listing-card-systems.html#destination-cards:grid; 02-listing-card-systems.html#destination-cards:carousel-safe; 02-listing-card-systems.html#destination-cards:list; 02-listing-card-systems.html#destination-cards:featured
destination_cards,destination-cards,heading.text,string,False,field_class_mapped,.igp-block__heading | .igp-pro-block-title,02-listing-card-systems.html#destination-cards:default; 02-listing-card-systems.html#destination-cards:grid; 02-listing-card-systems.html#destination-cards:carousel-safe; 02-listing-card-systems.html#destination-cards:list; 02-listing-card-systems.html#destination-cards:featured
destination_cards,destination-cards,heading.level,enum,False,semantic_heading_mapped,.igp-block__heading--h2 | .igp-block__heading--h3 | .igp-block__heading--h4,02-listing-card-systems.html#destination-cards:default; 02-listing-card-systems.html#destination-cards:grid; 02-listing-card-systems.html#destination-cards:carousel-safe; 02-listing-card-systems.html#destination-cards:list; 02-listing-card-systems.html#destination-cards:featured
destination_cards,destination-cards,heading.eyebrow,string,False,field_class_mapped,.igp-block__eyebrow | .igp-pro-block-eyebrow,02-listing-card-systems.html#destination-cards:default; 02-listing-card-systems.html#destination-cards:grid; 02-listing-card-systems.html#destination-cards:carousel-safe; 02-listing-card-systems.html#destination-cards:list; 02-listing-card-systems.html#destination-cards:featured
destination_cards,destination-cards,heading.visible,boolean,False,semantic_heading_mapped,.igp-block__header | .igp-block__heading,02-listing-card-systems.html#destination-cards:default; 02-listing-card-systems.html#destination-cards:grid; 02-listing-card-systems.html#destination-cards:carousel-safe; 02-listing-card-systems.html#destination-cards:list; 02-listing-card-systems.html#destination-cards:featured
destination_cards,destination-cards,style,object,False,style_object_mapped,.igp-block--destination-cards,02-listing-card-systems.html#destination-cards:default; 02-listing-card-systems.html#destination-cards:grid; 02-listing-card-systems.html#destination-cards:carousel-safe; 02-listing-card-systems.html#destination-cards:list; 02-listing-card-systems.html#destination-cards:featured
destination_cards,destination-cards,style.variant,enum,False,style_class_mapped,.igp-variant--<schema variant>,02-listing-card-systems.html#destination-cards:default; 02-listing-card-systems.html#destination-cards:grid; 02-listing-card-systems.html#destination-cards:carousel-safe; 02-listing-card-systems.html#destination-cards:list; 02-listing-card-systems.html#destination-cards:featured
destination_cards,destination-cards,style.density,enum,False,style_class_mapped,.igp-density--compact | .igp-density--comfortable | .igp-density--spacious,02-listing-card-systems.html#destination-cards:default; 02-listing-card-systems.html#destination-cards:grid; 02-listing-card-systems.html#destination-cards:carousel-safe; 02-listing-card-systems.html#destination-cards:list; 02-listing-card-systems.html#destination-cards:featured
destination_cards,destination-cards,style.theme,enum,False,style_class_mapped,.igp-theme--default | .igp-theme--brand | .igp-theme--neutral | .igp-theme--light | .igp-theme--dark | .igp-theme--accent | .igp-theme--muted,02-listing-card-systems.html#destination-cards:default; 02-listing-card-systems.html#destination-cards:grid; 02-listing-card-systems.html#destination-cards:carousel-safe; 02-listing-card-systems.html#destination-cards:list; 02-listing-card-systems.html#destination-cards:featured
destination_cards,destination-cards,style.container,enum,False,style_class_mapped,.igp-container--narrow | .igp-container--default | .igp-container--wide | .igp-container--full,02-listing-card-systems.html#destination-cards:default; 02-listing-card-systems.html#destination-cards:grid; 02-listing-card-systems.html#destination-cards:carousel-safe; 02-listing-card-systems.html#destination-cards:list; 02-listing-card-systems.html#destination-cards:featured
destination_cards,destination-cards,style.surface,enum,False,style_class_mapped,.igp-surface--default | .igp-surface--flat | .igp-surface--elevated | .igp-surface--card | .igp-surface--tinted | .igp-surface--transparent,02-listing-card-systems.html#destination-cards:default; 02-listing-card-systems.html#destination-cards:grid; 02-listing-card-systems.html#destination-cards:carousel-safe; 02-listing-card-systems.html#destination-cards:list; 02-listing-card-systems.html#destination-cards:featured
destination_cards,destination-cards,style.media_position,enum,False,style_class_mapped,.igp-media-position--auto | .igp-media-position--left | .igp-media-position--right | .igp-media-position--top | .igp-media-position--bottom | .igp-media-position--background | .igp-media-position--none,02-listing-card-systems.html#destination-cards:default; 02-listing-card-systems.html#destination-cards:grid; 02-listing-card-systems.html#destination-cards:carousel-safe; 02-listing-card-systems.html#destination-cards:list; 02-listing-card-systems.html#destination-cards:featured
destination_cards,destination-cards,description,text,False,field_class_mapped,.igp-pro-block-description,02-listing-card-systems.html#destination-cards:default; 02-listing-card-systems.html#destination-cards:grid; 02-listing-card-systems.html#destination-cards:carousel-safe; 02-listing-card-systems.html#destination-cards:list; 02-listing-card-systems.html#destination-cards:featured
destination_cards,destination-cards,source,enum,False,field_class_mapped,.igp-pro-card-grid,02-listing-card-systems.html#destination-cards:default; 02-listing-card-systems.html#destination-cards:grid; 02-listing-card-systems.html#destination-cards:carousel-safe; 02-listing-card-systems.html#destination-cards:list; 02-listing-card-systems.html#destination-cards:featured
destination_cards,destination-cards,items,relationship,False,field_class_mapped,.igp-pro-card,02-listing-card-systems.html#destination-cards:default; 02-listing-card-systems.html#destination-cards:grid; 02-listing-card-systems.html#destination-cards:carousel-safe; 02-listing-card-systems.html#destination-cards:list; 02-listing-card-systems.html#destination-cards:featured
destination_cards,destination-cards,layout,enum,False,field_class_mapped,.igp-pro-card-grid--grid | .igp-pro-card-grid--slider | .igp-pro-card-grid--list,02-listing-card-systems.html#destination-cards:default; 02-listing-card-systems.html#destination-cards:grid; 02-listing-card-systems.html#destination-cards:carousel-safe; 02-listing-card-systems.html#destination-cards:list; 02-listing-card-systems.html#destination-cards:featured
destination_cards,destination-cards,columns,number,False,field_class_mapped,.igp-pro-card-grid,02-listing-card-systems.html#destination-cards:default; 02-listing-card-systems.html#destination-cards:grid; 02-listing-card-systems.html#destination-cards:carousel-safe; 02-listing-card-systems.html#destination-cards:list; 02-listing-card-systems.html#destination-cards:featured
destination_cards,destination-cards,limit,number,False,field_class_mapped,.igp-pro-card-grid,02-listing-card-systems.html#destination-cards:default; 02-listing-card-systems.html#destination-cards:grid; 02-listing-card-systems.html#destination-cards:carousel-safe; 02-listing-card-systems.html#destination-cards:list; 02-listing-card-systems.html#destination-cards:featured
destination_cards,destination-cards,show_excerpt,boolean,False,field_class_mapped,.igp-pro-card__excerpt,02-listing-card-systems.html#destination-cards:default; 02-listing-card-systems.html#destination-cards:grid; 02-listing-card-systems.html#destination-cards:carousel-safe; 02-listing-card-systems.html#destination-cards:list; 02-listing-card-systems.html#destination-cards:featured
destination_cards,destination-cards,show_count,boolean,False,field_class_mapped,.igp-pro-card__badge,02-listing-card-systems.html#destination-cards:default; 02-listing-card-systems.html#destination-cards:grid; 02-listing-card-systems.html#destination-cards:carousel-safe; 02-listing-card-systems.html#destination-cards:list; 02-listing-card-systems.html#destination-cards:featured
destination_cards,destination-cards,image_ratio,enum,False,field_class_mapped,.igp-pro-card--ratio-landscape | .igp-pro-card--ratio-portrait | .igp-pro-card--ratio-square,02-listing-card-systems.html#destination-cards:default; 02-listing-card-systems.html#destination-cards:grid; 02-listing-card-systems.html#destination-cards:carousel-safe; 02-listing-card-systems.html#destination-cards:list; 02-listing-card-systems.html#destination-cards:featured
expert_box,expert-box,heading,object,True,semantic_heading_mapped,.igp-block__header | .igp-block__heading,03-visual-proof-local-context.html#expert-box:default; 03-visual-proof-local-context.html#expert-box:card; 03-visual-proof-local-context.html#expert-box:profile; 03-visual-proof-local-context.html#expert-box:compact
expert_box,expert-box,heading.text,string,True,field_class_mapped,.igp-block__heading | .igp-pro-block-title,03-visual-proof-local-context.html#expert-box:default; 03-visual-proof-local-context.html#expert-box:card; 03-visual-proof-local-context.html#expert-box:profile; 03-visual-proof-local-context.html#expert-box:compact
expert_box,expert-box,heading.level,enum,False,semantic_heading_mapped,.igp-block__heading--h2 | .igp-block__heading--h3 | .igp-block__heading--h4,03-visual-proof-local-context.html#expert-box:default; 03-visual-proof-local-context.html#expert-box:card; 03-visual-proof-local-context.html#expert-box:profile; 03-visual-proof-local-context.html#expert-box:compact
expert_box,expert-box,heading.eyebrow,string,False,field_class_mapped,.igp-block__eyebrow | .igp-pro-block-eyebrow,03-visual-proof-local-context.html#expert-box:default; 03-visual-proof-local-context.html#expert-box:card; 03-visual-proof-local-context.html#expert-box:profile; 03-visual-proof-local-context.html#expert-box:compact
expert_box,expert-box,heading.visible,boolean,False,semantic_heading_mapped,.igp-block__header | .igp-block__heading,03-visual-proof-local-context.html#expert-box:default; 03-visual-proof-local-context.html#expert-box:card; 03-visual-proof-local-context.html#expert-box:profile; 03-visual-proof-local-context.html#expert-box:compact
expert_box,expert-box,style,object,False,style_object_mapped,.igp-block--expert-box,03-visual-proof-local-context.html#expert-box:default; 03-visual-proof-local-context.html#expert-box:card; 03-visual-proof-local-context.html#expert-box:profile; 03-visual-proof-local-context.html#expert-box:compact
expert_box,expert-box,style.variant,enum,False,style_class_mapped,.igp-variant--<schema variant>,03-visual-proof-local-context.html#expert-box:default; 03-visual-proof-local-context.html#expert-box:card; 03-visual-proof-local-context.html#expert-box:profile; 03-visual-proof-local-context.html#expert-box:compact
expert_box,expert-box,style.density,enum,False,style_class_mapped,.igp-density--compact | .igp-density--comfortable | .igp-density--spacious,03-visual-proof-local-context.html#expert-box:default; 03-visual-proof-local-context.html#expert-box:card; 03-visual-proof-local-context.html#expert-box:profile; 03-visual-proof-local-context.html#expert-box:compact
expert_box,expert-box,style.theme,enum,False,style_class_mapped,.igp-theme--default | .igp-theme--brand | .igp-theme--neutral | .igp-theme--light | .igp-theme--dark | .igp-theme--accent | .igp-theme--muted,03-visual-proof-local-context.html#expert-box:default; 03-visual-proof-local-context.html#expert-box:card; 03-visual-proof-local-context.html#expert-box:profile; 03-visual-proof-local-context.html#expert-box:compact
expert_box,expert-box,style.container,enum,False,style_class_mapped,.igp-container--narrow | .igp-container--default | .igp-container--wide | .igp-container--full,03-visual-proof-local-context.html#expert-box:default; 03-visual-proof-local-context.html#expert-box:card; 03-visual-proof-local-context.html#expert-box:profile; 03-visual-proof-local-context.html#expert-box:compact
expert_box,expert-box,style.surface,enum,False,style_class_mapped,.igp-surface--default | .igp-surface--flat | .igp-surface--elevated | .igp-surface--card | .igp-surface--tinted | .igp-surface--transparent,03-visual-proof-local-context.html#expert-box:default; 03-visual-proof-local-context.html#expert-box:card; 03-visual-proof-local-context.html#expert-box:profile; 03-visual-proof-local-context.html#expert-box:compact
expert_box,expert-box,style.media_position,enum,False,style_class_mapped,.igp-media-position--auto | .igp-media-position--left | .igp-media-position--right | .igp-media-position--top | .igp-media-position--bottom | .igp-media-position--background | .igp-media-position--none,03-visual-proof-local-context.html#expert-box:default; 03-visual-proof-local-context.html#expert-box:card; 03-visual-proof-local-context.html#expert-box:profile; 03-visual-proof-local-context.html#expert-box:compact
expert_box,expert-box,name,string,False,field_class_mapped,.igp-pro-expert-box__card h3,03-visual-proof-local-context.html#expert-box:default; 03-visual-proof-local-context.html#expert-box:card; 03-visual-proof-local-context.html#expert-box:profile; 03-visual-proof-local-context.html#expert-box:compact
expert_box,expert-box,role,string,False,field_class_mapped,.igp-pro-expert-box__role,03-visual-proof-local-context.html#expert-box:default; 03-visual-proof-local-context.html#expert-box:card; 03-visual-proof-local-context.html#expert-box:profile; 03-visual-proof-local-context.html#expert-box:compact
expert_box,expert-box,bio,text,False,field_class_mapped,.igp-pro-expert-box__body p,03-visual-proof-local-context.html#expert-box:default; 03-visual-proof-local-context.html#expert-box:card; 03-visual-proof-local-context.html#expert-box:profile; 03-visual-proof-local-context.html#expert-box:compact
expert_box,expert-box,image,image,False,field_class_mapped,.igp-pro-expert-box__image,03-visual-proof-local-context.html#expert-box:default; 03-visual-proof-local-context.html#expert-box:card; 03-visual-proof-local-context.html#expert-box:profile; 03-visual-proof-local-context.html#expert-box:compact
expert_box,expert-box,phone,string,False,field_class_mapped,".igp-pro-expert-box__actions a[href^=""tel:""]",03-visual-proof-local-context.html#expert-box:default; 03-visual-proof-local-context.html#expert-box:card; 03-visual-proof-local-context.html#expert-box:profile; 03-visual-proof-local-context.html#expert-box:compact
expert_box,expert-box,email,string,False,field_class_mapped,".igp-pro-expert-box__actions a[href^=""mailto:""]",03-visual-proof-local-context.html#expert-box:default; 03-visual-proof-local-context.html#expert-box:card; 03-visual-proof-local-context.html#expert-box:profile; 03-visual-proof-local-context.html#expert-box:compact
expert_box,expert-box,cta_label,string,False,field_class_mapped,.igp-pro-expert-box__actions .igp-pro-button,03-visual-proof-local-context.html#expert-box:default; 03-visual-proof-local-context.html#expert-box:card; 03-visual-proof-local-context.html#expert-box:profile; 03-visual-proof-local-context.html#expert-box:compact
expert_box,expert-box,cta_url,string,False,field_class_mapped,.igp-pro-expert-box__actions .igp-pro-button,03-visual-proof-local-context.html#expert-box:default; 03-visual-proof-local-context.html#expert-box:card; 03-visual-proof-local-context.html#expert-box:profile; 03-visual-proof-local-context.html#expert-box:compact
expert_box,expert-box,specialties,repeater,False,field_class_mapped,.igp-pro-expert-box__specialties,03-visual-proof-local-context.html#expert-box:default; 03-visual-proof-local-context.html#expert-box:card; 03-visual-proof-local-context.html#expert-box:profile; 03-visual-proof-local-context.html#expert-box:compact
expert_box,expert-box,specialties[].item,string,True,field_class_mapped,.igp-pro-expert-box__specialties li,03-visual-proof-local-context.html#expert-box:default; 03-visual-proof-local-context.html#expert-box:card; 03-visual-proof-local-context.html#expert-box:profile; 03-visual-proof-local-context.html#expert-box:compact
faq,faq,heading,object,False,semantic_heading_mapped,.igp-block__header | .igp-block__heading,06-interactive-utility.html#faq:default; 06-interactive-utility.html#faq:accordion; 06-interactive-utility.html#faq:grouped; 06-interactive-utility.html#faq:compact
faq,faq,heading.text,string,False,field_class_mapped,.igp-block__heading | .igp-pro-block-title,06-interactive-utility.html#faq:default; 06-interactive-utility.html#faq:accordion; 06-interactive-utility.html#faq:grouped; 06-interactive-utility.html#faq:compact
faq,faq,heading.level,enum,False,semantic_heading_mapped,.igp-block__heading--h2 | .igp-block__heading--h3 | .igp-block__heading--h4,06-interactive-utility.html#faq:default; 06-interactive-utility.html#faq:accordion; 06-interactive-utility.html#faq:grouped; 06-interactive-utility.html#faq:compact
faq,faq,heading.eyebrow,string,False,field_class_mapped,.igp-block__eyebrow | .igp-pro-block-eyebrow,06-interactive-utility.html#faq:default; 06-interactive-utility.html#faq:accordion; 06-interactive-utility.html#faq:grouped; 06-interactive-utility.html#faq:compact
faq,faq,heading.visible,boolean,False,semantic_heading_mapped,.igp-block__header | .igp-block__heading,06-interactive-utility.html#faq:default; 06-interactive-utility.html#faq:accordion; 06-interactive-utility.html#faq:grouped; 06-interactive-utility.html#faq:compact
faq,faq,style,object,False,style_object_mapped,.igp-block--faq,06-interactive-utility.html#faq:default; 06-interactive-utility.html#faq:accordion; 06-interactive-utility.html#faq:grouped; 06-interactive-utility.html#faq:compact
faq,faq,style.variant,enum,False,style_class_mapped,.igp-variant--<schema variant>,06-interactive-utility.html#faq:default; 06-interactive-utility.html#faq:accordion; 06-interactive-utility.html#faq:grouped; 06-interactive-utility.html#faq:compact
faq,faq,style.density,enum,False,style_class_mapped,.igp-density--compact | .igp-density--comfortable | .igp-density--spacious,06-interactive-utility.html#faq:default; 06-interactive-utility.html#faq:accordion; 06-interactive-utility.html#faq:grouped; 06-interactive-utility.html#faq:compact
faq,faq,style.theme,enum,False,style_class_mapped,.igp-theme--default | .igp-theme--brand | .igp-theme--neutral | .igp-theme--light | .igp-theme--dark | .igp-theme--accent | .igp-theme--muted,06-interactive-utility.html#faq:default; 06-interactive-utility.html#faq:accordion; 06-interactive-utility.html#faq:grouped; 06-interactive-utility.html#faq:compact
faq,faq,style.container,enum,False,style_class_mapped,.igp-container--narrow | .igp-container--default | .igp-container--wide | .igp-container--full,06-interactive-utility.html#faq:default; 06-interactive-utility.html#faq:accordion; 06-interactive-utility.html#faq:grouped; 06-interactive-utility.html#faq:compact
faq,faq,style.surface,enum,False,style_class_mapped,.igp-surface--default | .igp-surface--flat | .igp-surface--elevated | .igp-surface--card | .igp-surface--tinted | .igp-surface--transparent,06-interactive-utility.html#faq:default; 06-interactive-utility.html#faq:accordion; 06-interactive-utility.html#faq:grouped; 06-interactive-utility.html#faq:compact
faq,faq,style.media_position,enum,False,style_class_mapped,.igp-media-position--auto | .igp-media-position--left | .igp-media-position--right | .igp-media-position--top | .igp-media-position--bottom | .igp-media-position--background | .igp-media-position--none,06-interactive-utility.html#faq:default; 06-interactive-utility.html#faq:accordion; 06-interactive-utility.html#faq:grouped; 06-interactive-utility.html#faq:compact
faq,faq,items,repeater,False,field_class_mapped,.igp-pro-faq__items,06-interactive-utility.html#faq:default; 06-interactive-utility.html#faq:accordion; 06-interactive-utility.html#faq:grouped; 06-interactive-utility.html#faq:compact
faq,faq,items[].question,string,False,field_class_mapped,.igp-pro-faq__question,06-interactive-utility.html#faq:default; 06-interactive-utility.html#faq:accordion; 06-interactive-utility.html#faq:grouped; 06-interactive-utility.html#faq:compact
faq,faq,items[].answer,text,False,field_class_mapped,.igp-pro-faq__answer,06-interactive-utility.html#faq:default; 06-interactive-utility.html#faq:accordion; 06-interactive-utility.html#faq:grouped; 06-interactive-utility.html#faq:compact
featured_listings,featured-listings,heading,object,False,semantic_heading_mapped,.igp-block__header | .igp-block__heading,02-listing-card-systems.html#featured-listings:default; 02-listing-card-systems.html#featured-listings:grid; 02-listing-card-systems.html#featured-listings:carousel-safe; 02-listing-card-systems.html#featured-listings:list; 02-listing-card-systems.html#featured-listings:featured
featured_listings,featured-listings,heading.text,string,False,field_class_mapped,.igp-block__heading | .igp-pro-block-title,02-listing-card-systems.html#featured-listings:default; 02-listing-card-systems.html#featured-listings:grid; 02-listing-card-systems.html#featured-listings:carousel-safe; 02-listing-card-systems.html#featured-listings:list; 02-listing-card-systems.html#featured-listings:featured
featured_listings,featured-listings,heading.level,enum,False,semantic_heading_mapped,.igp-block__heading--h2 | .igp-block__heading--h3 | .igp-block__heading--h4,02-listing-card-systems.html#featured-listings:default; 02-listing-card-systems.html#featured-listings:grid; 02-listing-card-systems.html#featured-listings:carousel-safe; 02-listing-card-systems.html#featured-listings:list; 02-listing-card-systems.html#featured-listings:featured
featured_listings,featured-listings,heading.eyebrow,string,False,field_class_mapped,.igp-block__eyebrow | .igp-pro-block-eyebrow,02-listing-card-systems.html#featured-listings:default; 02-listing-card-systems.html#featured-listings:grid; 02-listing-card-systems.html#featured-listings:carousel-safe; 02-listing-card-systems.html#featured-listings:list; 02-listing-card-systems.html#featured-listings:featured
featured_listings,featured-listings,heading.visible,boolean,False,semantic_heading_mapped,.igp-block__header | .igp-block__heading,02-listing-card-systems.html#featured-listings:default; 02-listing-card-systems.html#featured-listings:grid; 02-listing-card-systems.html#featured-listings:carousel-safe; 02-listing-card-systems.html#featured-listings:list; 02-listing-card-systems.html#featured-listings:featured
featured_listings,featured-listings,style,object,False,style_object_mapped,.igp-block--featured-listings,02-listing-card-systems.html#featured-listings:default; 02-listing-card-systems.html#featured-listings:grid; 02-listing-card-systems.html#featured-listings:carousel-safe; 02-listing-card-systems.html#featured-listings:list; 02-listing-card-systems.html#featured-listings:featured
featured_listings,featured-listings,style.variant,enum,False,style_class_mapped,.igp-variant--<schema variant>,02-listing-card-systems.html#featured-listings:default; 02-listing-card-systems.html#featured-listings:grid; 02-listing-card-systems.html#featured-listings:carousel-safe; 02-listing-card-systems.html#featured-listings:list; 02-listing-card-systems.html#featured-listings:featured
featured_listings,featured-listings,style.density,enum,False,style_class_mapped,.igp-density--compact | .igp-density--comfortable | .igp-density--spacious,02-listing-card-systems.html#featured-listings:default; 02-listing-card-systems.html#featured-listings:grid; 02-listing-card-systems.html#featured-listings:carousel-safe; 02-listing-card-systems.html#featured-listings:list; 02-listing-card-systems.html#featured-listings:featured
featured_listings,featured-listings,style.theme,enum,False,style_class_mapped,.igp-theme--default | .igp-theme--brand | .igp-theme--neutral | .igp-theme--light | .igp-theme--dark | .igp-theme--accent | .igp-theme--muted,02-listing-card-systems.html#featured-listings:default; 02-listing-card-systems.html#featured-listings:grid; 02-listing-card-systems.html#featured-listings:carousel-safe; 02-listing-card-systems.html#featured-listings:list; 02-listing-card-systems.html#featured-listings:featured
featured_listings,featured-listings,style.container,enum,False,style_class_mapped,.igp-container--narrow | .igp-container--default | .igp-container--wide | .igp-container--full,02-listing-card-systems.html#featured-listings:default; 02-listing-card-systems.html#featured-listings:grid; 02-listing-card-systems.html#featured-listings:carousel-safe; 02-listing-card-systems.html#featured-listings:list; 02-listing-card-systems.html#featured-listings:featured
featured_listings,featured-listings,style.surface,enum,False,style_class_mapped,.igp-surface--default | .igp-surface--flat | .igp-surface--elevated | .igp-surface--card | .igp-surface--tinted | .igp-surface--transparent,02-listing-card-systems.html#featured-listings:default; 02-listing-card-systems.html#featured-listings:grid; 02-listing-card-systems.html#featured-listings:carousel-safe; 02-listing-card-systems.html#featured-listings:list; 02-listing-card-systems.html#featured-listings:featured
featured_listings,featured-listings,style.media_position,enum,False,style_class_mapped,.igp-media-position--auto | .igp-media-position--left | .igp-media-position--right | .igp-media-position--top | .igp-media-position--bottom | .igp-media-position--background | .igp-media-position--none,02-listing-card-systems.html#featured-listings:default; 02-listing-card-systems.html#featured-listings:grid; 02-listing-card-systems.html#featured-listings:carousel-safe; 02-listing-card-systems.html#featured-listings:list; 02-listing-card-systems.html#featured-listings:featured
featured_listings,featured-listings,description,text,False,field_class_mapped,.igp-pro-block-description,02-listing-card-systems.html#featured-listings:default; 02-listing-card-systems.html#featured-listings:grid; 02-listing-card-systems.html#featured-listings:carousel-safe; 02-listing-card-systems.html#featured-listings:list; 02-listing-card-systems.html#featured-listings:featured
featured_listings,featured-listings,post_type,enum,False,field_class_mapped,.igp-pro-card-grid,02-listing-card-systems.html#featured-listings:default; 02-listing-card-systems.html#featured-listings:grid; 02-listing-card-systems.html#featured-listings:carousel-safe; 02-listing-card-systems.html#featured-listings:list; 02-listing-card-systems.html#featured-listings:featured
featured_listings,featured-listings,items,relationship,False,field_class_mapped,.igp-pro-card,02-listing-card-systems.html#featured-listings:default; 02-listing-card-systems.html#featured-listings:grid; 02-listing-card-systems.html#featured-listings:carousel-safe; 02-listing-card-systems.html#featured-listings:list; 02-listing-card-systems.html#featured-listings:featured
featured_listings,featured-listings,layout,enum,False,field_class_mapped,.igp-pro-card-grid--grid | .igp-pro-card-grid--slider | .igp-pro-card-grid--list,02-listing-card-systems.html#featured-listings:default; 02-listing-card-systems.html#featured-listings:grid; 02-listing-card-systems.html#featured-listings:carousel-safe; 02-listing-card-systems.html#featured-listings:list; 02-listing-card-systems.html#featured-listings:featured
featured_listings,featured-listings,columns,number,False,field_class_mapped,.igp-pro-card-grid,02-listing-card-systems.html#featured-listings:default; 02-listing-card-systems.html#featured-listings:grid; 02-listing-card-systems.html#featured-listings:carousel-safe; 02-listing-card-systems.html#featured-listings:list; 02-listing-card-systems.html#featured-listings:featured
featured_listings,featured-listings,limit,number,False,field_class_mapped,.igp-pro-card-grid,02-listing-card-systems.html#featured-listings:default; 02-listing-card-systems.html#featured-listings:grid; 02-listing-card-systems.html#featured-listings:carousel-safe; 02-listing-card-systems.html#featured-listings:list; 02-listing-card-systems.html#featured-listings:featured
featured_listings,featured-listings,show_excerpt,boolean,False,field_class_mapped,.igp-pro-card__excerpt,02-listing-card-systems.html#featured-listings:default; 02-listing-card-systems.html#featured-listings:grid; 02-listing-card-systems.html#featured-listings:carousel-safe; 02-listing-card-systems.html#featured-listings:list; 02-listing-card-systems.html#featured-listings:featured
featured_listings,featured-listings,show_price,boolean,False,field_class_mapped,.igp-pro-card__price,02-listing-card-systems.html#featured-listings:default; 02-listing-card-systems.html#featured-listings:grid; 02-listing-card-systems.html#featured-listings:carousel-safe; 02-listing-card-systems.html#featured-listings:list; 02-listing-card-systems.html#featured-listings:featured
featured_listings,featured-listings,show_rating,boolean,False,field_class_mapped,.igp-pro-card__rating,02-listing-card-systems.html#featured-listings:default; 02-listing-card-systems.html#featured-listings:grid; 02-listing-card-systems.html#featured-listings:carousel-safe; 02-listing-card-systems.html#featured-listings:list; 02-listing-card-systems.html#featured-listings:featured
featured_listings,featured-listings,image_ratio,enum,False,field_class_mapped,.igp-pro-card--ratio-landscape | .igp-pro-card--ratio-portrait | .igp-pro-card--ratio-square,02-listing-card-systems.html#featured-listings:default; 02-listing-card-systems.html#featured-listings:grid; 02-listing-card-systems.html#featured-listings:carousel-safe; 02-listing-card-systems.html#featured-listings:list; 02-listing-card-systems.html#featured-listings:featured
gallery,gallery,heading,object,False,semantic_heading_mapped,.igp-block__header | .igp-block__heading,03-visual-proof-local-context.html#gallery:default; 03-visual-proof-local-context.html#gallery:grid; 03-visual-proof-local-context.html#gallery:masonry-safe; 03-visual-proof-local-context.html#gallery:slider-safe
gallery,gallery,heading.text,string,False,field_class_mapped,.igp-block__heading | .igp-pro-block-title,03-visual-proof-local-context.html#gallery:default; 03-visual-proof-local-context.html#gallery:grid; 03-visual-proof-local-context.html#gallery:masonry-safe; 03-visual-proof-local-context.html#gallery:slider-safe
gallery,gallery,heading.level,enum,False,semantic_heading_mapped,.igp-block__heading--h2 | .igp-block__heading--h3 | .igp-block__heading--h4,03-visual-proof-local-context.html#gallery:default; 03-visual-proof-local-context.html#gallery:grid; 03-visual-proof-local-context.html#gallery:masonry-safe; 03-visual-proof-local-context.html#gallery:slider-safe
gallery,gallery,heading.eyebrow,string,False,field_class_mapped,.igp-block__eyebrow | .igp-pro-block-eyebrow,03-visual-proof-local-context.html#gallery:default; 03-visual-proof-local-context.html#gallery:grid; 03-visual-proof-local-context.html#gallery:masonry-safe; 03-visual-proof-local-context.html#gallery:slider-safe
gallery,gallery,heading.visible,boolean,False,semantic_heading_mapped,.igp-block__header | .igp-block__heading,03-visual-proof-local-context.html#gallery:default; 03-visual-proof-local-context.html#gallery:grid; 03-visual-proof-local-context.html#gallery:masonry-safe; 03-visual-proof-local-context.html#gallery:slider-safe
gallery,gallery,style,object,False,style_object_mapped,.igp-block--gallery,03-visual-proof-local-context.html#gallery:default; 03-visual-proof-local-context.html#gallery:grid; 03-visual-proof-local-context.html#gallery:masonry-safe; 03-visual-proof-local-context.html#gallery:slider-safe
gallery,gallery,style.variant,enum,False,style_class_mapped,.igp-variant--<schema variant>,03-visual-proof-local-context.html#gallery:default; 03-visual-proof-local-context.html#gallery:grid; 03-visual-proof-local-context.html#gallery:masonry-safe; 03-visual-proof-local-context.html#gallery:slider-safe
gallery,gallery,style.density,enum,False,style_class_mapped,.igp-density--compact | .igp-density--comfortable | .igp-density--spacious,03-visual-proof-local-context.html#gallery:default; 03-visual-proof-local-context.html#gallery:grid; 03-visual-proof-local-context.html#gallery:masonry-safe; 03-visual-proof-local-context.html#gallery:slider-safe
gallery,gallery,style.theme,enum,False,style_class_mapped,.igp-theme--default | .igp-theme--brand | .igp-theme--neutral | .igp-theme--light | .igp-theme--dark | .igp-theme--accent | .igp-theme--muted,03-visual-proof-local-context.html#gallery:default; 03-visual-proof-local-context.html#gallery:grid; 03-visual-proof-local-context.html#gallery:masonry-safe; 03-visual-proof-local-context.html#gallery:slider-safe
gallery,gallery,style.container,enum,False,style_class_mapped,.igp-container--narrow | .igp-container--default | .igp-container--wide | .igp-container--full,03-visual-proof-local-context.html#gallery:default; 03-visual-proof-local-context.html#gallery:grid; 03-visual-proof-local-context.html#gallery:masonry-safe; 03-visual-proof-local-context.html#gallery:slider-safe
gallery,gallery,style.surface,enum,False,style_class_mapped,.igp-surface--default | .igp-surface--flat | .igp-surface--elevated | .igp-surface--card | .igp-surface--tinted | .igp-surface--transparent,03-visual-proof-local-context.html#gallery:default; 03-visual-proof-local-context.html#gallery:grid; 03-visual-proof-local-context.html#gallery:masonry-safe; 03-visual-proof-local-context.html#gallery:slider-safe
gallery,gallery,style.media_position,enum,False,style_class_mapped,.igp-media-position--auto | .igp-media-position--left | .igp-media-position--right | .igp-media-position--top | .igp-media-position--bottom | .igp-media-position--background | .igp-media-position--none,03-visual-proof-local-context.html#gallery:default; 03-visual-proof-local-context.html#gallery:grid; 03-visual-proof-local-context.html#gallery:masonry-safe; 03-visual-proof-local-context.html#gallery:slider-safe
gallery,gallery,images,repeater,False,field_class_mapped,.igp-pro-gallery__grid | .igp-pro-gallery__item,03-visual-proof-local-context.html#gallery:default; 03-visual-proof-local-context.html#gallery:grid; 03-visual-proof-local-context.html#gallery:masonry-safe; 03-visual-proof-local-context.html#gallery:slider-safe
gallery,gallery,images[].url,string,False,field_class_mapped,.igp-pro-gallery__image,03-visual-proof-local-context.html#gallery:default; 03-visual-proof-local-context.html#gallery:grid; 03-visual-proof-local-context.html#gallery:masonry-safe; 03-visual-proof-local-context.html#gallery:slider-safe
gallery,gallery,images[].alt,string,False,field_class_mapped,.igp-pro-gallery__image,03-visual-proof-local-context.html#gallery:default; 03-visual-proof-local-context.html#gallery:grid; 03-visual-proof-local-context.html#gallery:masonry-safe; 03-visual-proof-local-context.html#gallery:slider-safe
gallery,gallery,images[].caption,string,False,field_class_mapped,.igp-pro-gallery__caption,03-visual-proof-local-context.html#gallery:default; 03-visual-proof-local-context.html#gallery:grid; 03-visual-proof-local-context.html#gallery:masonry-safe; 03-visual-proof-local-context.html#gallery:slider-safe
gallery,gallery,layout,enum,False,field_class_mapped,.igp-pro-gallery--grid | .igp-pro-gallery--masonry-safe | .igp-pro-gallery--slider-safe,03-visual-proof-local-context.html#gallery:default; 03-visual-proof-local-context.html#gallery:grid; 03-visual-proof-local-context.html#gallery:masonry-safe; 03-visual-proof-local-context.html#gallery:slider-safe
gallery,gallery,columns,number,False,field_class_mapped,.igp-pro-gallery--columns-2 | .igp-pro-gallery--columns-3 | .igp-pro-gallery--columns-4,03-visual-proof-local-context.html#gallery:default; 03-visual-proof-local-context.html#gallery:grid; 03-visual-proof-local-context.html#gallery:masonry-safe; 03-visual-proof-local-context.html#gallery:slider-safe
hero,hero,heading,object,True,semantic_heading_mapped,.igp-block__header | .igp-block__heading,01-foundation-conversion.html#hero:default; 01-foundation-conversion.html#hero:full-width; 01-foundation-conversion.html#hero:image-left; 01-foundation-conversion.html#hero:image-right; 01-foundation-conversion.html#hero:split-overlay; 01-foundation-conversion.html#hero:centered-minimal
hero,hero,heading.text,string,True,field_class_mapped,.igp-pro-hero__heading | .igp-block__heading,01-foundation-conversion.html#hero:default; 01-foundation-conversion.html#hero:full-width; 01-foundation-conversion.html#hero:image-left; 01-foundation-conversion.html#hero:image-right; 01-foundation-conversion.html#hero:split-overlay; 01-foundation-conversion.html#hero:centered-minimal
hero,hero,heading.level,enum,False,semantic_heading_mapped,.igp-block__heading--h2 | .igp-block__heading--h3 | .igp-block__heading--h4,01-foundation-conversion.html#hero:default; 01-foundation-conversion.html#hero:full-width; 01-foundation-conversion.html#hero:image-left; 01-foundation-conversion.html#hero:image-right; 01-foundation-conversion.html#hero:split-overlay; 01-foundation-conversion.html#hero:centered-minimal
hero,hero,heading.eyebrow,string,False,field_class_mapped,.igp-block__eyebrow | .igp-pro-block-eyebrow,01-foundation-conversion.html#hero:default; 01-foundation-conversion.html#hero:full-width; 01-foundation-conversion.html#hero:image-left; 01-foundation-conversion.html#hero:image-right; 01-foundation-conversion.html#hero:split-overlay; 01-foundation-conversion.html#hero:centered-minimal
hero,hero,heading.visible,boolean,False,semantic_heading_mapped,.igp-block__header | .igp-block__heading,01-foundation-conversion.html#hero:default; 01-foundation-conversion.html#hero:full-width; 01-foundation-conversion.html#hero:image-left; 01-foundation-conversion.html#hero:image-right; 01-foundation-conversion.html#hero:split-overlay; 01-foundation-conversion.html#hero:centered-minimal
hero,hero,style,object,False,style_object_mapped,.igp-block--hero,01-foundation-conversion.html#hero:default; 01-foundation-conversion.html#hero:full-width; 01-foundation-conversion.html#hero:image-left; 01-foundation-conversion.html#hero:image-right; 01-foundation-conversion.html#hero:split-overlay; 01-foundation-conversion.html#hero:centered-minimal
hero,hero,style.variant,enum,False,style_class_mapped,.igp-variant--<schema variant>,01-foundation-conversion.html#hero:default; 01-foundation-conversion.html#hero:full-width; 01-foundation-conversion.html#hero:image-left; 01-foundation-conversion.html#hero:image-right; 01-foundation-conversion.html#hero:split-overlay; 01-foundation-conversion.html#hero:centered-minimal
hero,hero,style.density,enum,False,style_class_mapped,.igp-density--compact | .igp-density--comfortable | .igp-density--spacious,01-foundation-conversion.html#hero:default; 01-foundation-conversion.html#hero:full-width; 01-foundation-conversion.html#hero:image-left; 01-foundation-conversion.html#hero:image-right; 01-foundation-conversion.html#hero:split-overlay; 01-foundation-conversion.html#hero:centered-minimal
hero,hero,style.theme,enum,False,style_class_mapped,.igp-theme--default | .igp-theme--brand | .igp-theme--neutral | .igp-theme--light | .igp-theme--dark | .igp-theme--accent | .igp-theme--muted,01-foundation-conversion.html#hero:default; 01-foundation-conversion.html#hero:full-width; 01-foundation-conversion.html#hero:image-left; 01-foundation-conversion.html#hero:image-right; 01-foundation-conversion.html#hero:split-overlay; 01-foundation-conversion.html#hero:centered-minimal
hero,hero,style.container,enum,False,style_class_mapped,.igp-container--narrow | .igp-container--default | .igp-container--wide | .igp-container--full,01-foundation-conversion.html#hero:default; 01-foundation-conversion.html#hero:full-width; 01-foundation-conversion.html#hero:image-left; 01-foundation-conversion.html#hero:image-right; 01-foundation-conversion.html#hero:split-overlay; 01-foundation-conversion.html#hero:centered-minimal
hero,hero,style.surface,enum,False,style_class_mapped,.igp-surface--default | .igp-surface--flat | .igp-surface--elevated | .igp-surface--card | .igp-surface--tinted | .igp-surface--transparent,01-foundation-conversion.html#hero:default; 01-foundation-conversion.html#hero:full-width; 01-foundation-conversion.html#hero:image-left; 01-foundation-conversion.html#hero:image-right; 01-foundation-conversion.html#hero:split-overlay; 01-foundation-conversion.html#hero:centered-minimal
hero,hero,style.media_position,enum,False,style_class_mapped,.igp-media-position--auto | .igp-media-position--left | .igp-media-position--right | .igp-media-position--top | .igp-media-position--bottom | .igp-media-position--background | .igp-media-position--none,01-foundation-conversion.html#hero:default; 01-foundation-conversion.html#hero:full-width; 01-foundation-conversion.html#hero:image-left; 01-foundation-conversion.html#hero:image-right; 01-foundation-conversion.html#hero:split-overlay; 01-foundation-conversion.html#hero:centered-minimal
hero,hero,subheading,string,False,field_class_mapped,.igp-pro-hero__subheading,01-foundation-conversion.html#hero:default; 01-foundation-conversion.html#hero:full-width; 01-foundation-conversion.html#hero:image-left; 01-foundation-conversion.html#hero:image-right; 01-foundation-conversion.html#hero:split-overlay; 01-foundation-conversion.html#hero:centered-minimal
hero,hero,background_image,image,False,field_class_mapped,.igp-pro-hero__media | .igp-pro-hero__image,01-foundation-conversion.html#hero:default; 01-foundation-conversion.html#hero:full-width; 01-foundation-conversion.html#hero:image-left; 01-foundation-conversion.html#hero:image-right; 01-foundation-conversion.html#hero:split-overlay; 01-foundation-conversion.html#hero:centered-minimal
hero,hero,cta,object,False,field_class_mapped,.igp-pro-hero__cta,01-foundation-conversion.html#hero:default; 01-foundation-conversion.html#hero:full-width; 01-foundation-conversion.html#hero:image-left; 01-foundation-conversion.html#hero:image-right; 01-foundation-conversion.html#hero:split-overlay; 01-foundation-conversion.html#hero:centered-minimal
hero,hero,cta.label,string,False,field_class_mapped,.igp-pro-hero__cta,01-foundation-conversion.html#hero:default; 01-foundation-conversion.html#hero:full-width; 01-foundation-conversion.html#hero:image-left; 01-foundation-conversion.html#hero:image-right; 01-foundation-conversion.html#hero:split-overlay; 01-foundation-conversion.html#hero:centered-minimal
hero,hero,cta.url,string,False,field_class_mapped,.igp-pro-hero__cta,01-foundation-conversion.html#hero:default; 01-foundation-conversion.html#hero:full-width; 01-foundation-conversion.html#hero:image-left; 01-foundation-conversion.html#hero:image-right; 01-foundation-conversion.html#hero:split-overlay; 01-foundation-conversion.html#hero:centered-minimal
hero,hero,enable_search,boolean,False,field_class_mapped,.igp-pro-hero__search | .igp-pro-hero__search-input | .igp-pro-hero__search-submit,01-foundation-conversion.html#hero:default; 01-foundation-conversion.html#hero:full-width; 01-foundation-conversion.html#hero:image-left; 01-foundation-conversion.html#hero:image-right; 01-foundation-conversion.html#hero:split-overlay; 01-foundation-conversion.html#hero:centered-minimal
icon_list,icon-list,heading,object,False,semantic_heading_mapped,.igp-block__header | .igp-block__heading,06-interactive-utility.html#icon-list:default; 06-interactive-utility.html#icon-list:grid; 06-interactive-utility.html#icon-list:compact; 06-interactive-utility.html#icon-list:cards
icon_list,icon-list,heading.text,string,False,field_class_mapped,.igp-block__heading | .igp-pro-block-title,06-interactive-utility.html#icon-list:default; 06-interactive-utility.html#icon-list:grid; 06-interactive-utility.html#icon-list:compact; 06-interactive-utility.html#icon-list:cards
icon_list,icon-list,heading.level,enum,False,semantic_heading_mapped,.igp-block__heading--h2 | .igp-block__heading--h3 | .igp-block__heading--h4,06-interactive-utility.html#icon-list:default; 06-interactive-utility.html#icon-list:grid; 06-interactive-utility.html#icon-list:compact; 06-interactive-utility.html#icon-list:cards
icon_list,icon-list,heading.eyebrow,string,False,field_class_mapped,.igp-block__eyebrow | .igp-pro-block-eyebrow,06-interactive-utility.html#icon-list:default; 06-interactive-utility.html#icon-list:grid; 06-interactive-utility.html#icon-list:compact; 06-interactive-utility.html#icon-list:cards
icon_list,icon-list,heading.visible,boolean,False,semantic_heading_mapped,.igp-block__header | .igp-block__heading,06-interactive-utility.html#icon-list:default; 06-interactive-utility.html#icon-list:grid; 06-interactive-utility.html#icon-list:compact; 06-interactive-utility.html#icon-list:cards
icon_list,icon-list,style,object,False,style_object_mapped,.igp-block--icon-list,06-interactive-utility.html#icon-list:default; 06-interactive-utility.html#icon-list:grid; 06-interactive-utility.html#icon-list:compact; 06-interactive-utility.html#icon-list:cards
icon_list,icon-list,style.variant,enum,False,style_class_mapped,.igp-variant--<schema variant>,06-interactive-utility.html#icon-list:default; 06-interactive-utility.html#icon-list:grid; 06-interactive-utility.html#icon-list:compact; 06-interactive-utility.html#icon-list:cards
icon_list,icon-list,style.density,enum,False,style_class_mapped,.igp-density--compact | .igp-density--comfortable | .igp-density--spacious,06-interactive-utility.html#icon-list:default; 06-interactive-utility.html#icon-list:grid; 06-interactive-utility.html#icon-list:compact; 06-interactive-utility.html#icon-list:cards
icon_list,icon-list,style.theme,enum,False,style_class_mapped,.igp-theme--default | .igp-theme--brand | .igp-theme--neutral | .igp-theme--light | .igp-theme--dark | .igp-theme--accent | .igp-theme--muted,06-interactive-utility.html#icon-list:default; 06-interactive-utility.html#icon-list:grid; 06-interactive-utility.html#icon-list:compact; 06-interactive-utility.html#icon-list:cards
icon_list,icon-list,style.container,enum,False,style_class_mapped,.igp-container--narrow | .igp-container--default | .igp-container--wide | .igp-container--full,06-interactive-utility.html#icon-list:default; 06-interactive-utility.html#icon-list:grid; 06-interactive-utility.html#icon-list:compact; 06-interactive-utility.html#icon-list:cards
icon_list,icon-list,style.surface,enum,False,style_class_mapped,.igp-surface--default | .igp-surface--flat | .igp-surface--elevated | .igp-surface--card | .igp-surface--tinted | .igp-surface--transparent,06-interactive-utility.html#icon-list:default; 06-interactive-utility.html#icon-list:grid; 06-interactive-utility.html#icon-list:compact; 06-interactive-utility.html#icon-list:cards
icon_list,icon-list,style.media_position,enum,False,style_class_mapped,.igp-media-position--auto | .igp-media-position--left | .igp-media-position--right | .igp-media-position--top | .igp-media-position--bottom | .igp-media-position--background | .igp-media-position--none,06-interactive-utility.html#icon-list:default; 06-interactive-utility.html#icon-list:grid; 06-interactive-utility.html#icon-list:compact; 06-interactive-utility.html#icon-list:cards
icon_list,icon-list,items,repeater,False,field_class_mapped,.igp-pro-icon-list__items,06-interactive-utility.html#icon-list:default; 06-interactive-utility.html#icon-list:grid; 06-interactive-utility.html#icon-list:compact; 06-interactive-utility.html#icon-list:cards
icon_list,icon-list,items[].icon,string,False,field_class_mapped,.igp-pro-icon-list__icon,06-interactive-utility.html#icon-list:default; 06-interactive-utility.html#icon-list:grid; 06-interactive-utility.html#icon-list:compact; 06-interactive-utility.html#icon-list:cards
icon_list,icon-list,items[].text,string,False,field_class_mapped,.igp-pro-icon-list__item strong,06-interactive-utility.html#icon-list:default; 06-interactive-utility.html#icon-list:grid; 06-interactive-utility.html#icon-list:compact; 06-interactive-utility.html#icon-list:cards
icon_list,icon-list,items[].description,text,False,field_class_mapped,.igp-pro-icon-list__body,06-interactive-utility.html#icon-list:default; 06-interactive-utility.html#icon-list:grid; 06-interactive-utility.html#icon-list:compact; 06-interactive-utility.html#icon-list:cards
icon_list,icon-list,columns,number,False,field_class_mapped,.igp-pro-icon-list--columns-2 | .igp-pro-icon-list--columns-3 | .igp-pro-icon-list--columns-4,06-interactive-utility.html#icon-list:default; 06-interactive-utility.html#icon-list:grid; 06-interactive-utility.html#icon-list:compact; 06-interactive-utility.html#icon-list:cards
inclusions_exclusions,inclusions-exclusions,heading,object,True,semantic_heading_mapped,.igp-block__header | .igp-block__heading,04-journey-logistics.html#inclusions-exclusions:default; 04-journey-logistics.html#inclusions-exclusions:two-column; 04-journey-logistics.html#inclusions-exclusions:compact; 04-journey-logistics.html#inclusions-exclusions:cards
inclusions_exclusions,inclusions-exclusions,heading.text,string,True,field_class_mapped,.igp-block__heading | .igp-pro-block-title,04-journey-logistics.html#inclusions-exclusions:default; 04-journey-logistics.html#inclusions-exclusions:two-column; 04-journey-logistics.html#inclusions-exclusions:compact; 04-journey-logistics.html#inclusions-exclusions:cards
inclusions_exclusions,inclusions-exclusions,heading.level,enum,False,semantic_heading_mapped,.igp-block__heading--h2 | .igp-block__heading--h3 | .igp-block__heading--h4,04-journey-logistics.html#inclusions-exclusions:default; 04-journey-logistics.html#inclusions-exclusions:two-column; 04-journey-logistics.html#inclusions-exclusions:compact; 04-journey-logistics.html#inclusions-exclusions:cards
inclusions_exclusions,inclusions-exclusions,heading.eyebrow,string,False,field_class_mapped,.igp-block__eyebrow | .igp-pro-block-eyebrow,04-journey-logistics.html#inclusions-exclusions:default; 04-journey-logistics.html#inclusions-exclusions:two-column; 04-journey-logistics.html#inclusions-exclusions:compact; 04-journey-logistics.html#inclusions-exclusions:cards
inclusions_exclusions,inclusions-exclusions,heading.visible,boolean,False,semantic_heading_mapped,.igp-block__header | .igp-block__heading,04-journey-logistics.html#inclusions-exclusions:default; 04-journey-logistics.html#inclusions-exclusions:two-column; 04-journey-logistics.html#inclusions-exclusions:compact; 04-journey-logistics.html#inclusions-exclusions:cards
inclusions_exclusions,inclusions-exclusions,style,object,False,style_object_mapped,.igp-block--inclusions-exclusions,04-journey-logistics.html#inclusions-exclusions:default; 04-journey-logistics.html#inclusions-exclusions:two-column; 04-journey-logistics.html#inclusions-exclusions:compact; 04-journey-logistics.html#inclusions-exclusions:cards
inclusions_exclusions,inclusions-exclusions,style.variant,enum,False,style_class_mapped,.igp-variant--<schema variant>,04-journey-logistics.html#inclusions-exclusions:default; 04-journey-logistics.html#inclusions-exclusions:two-column; 04-journey-logistics.html#inclusions-exclusions:compact; 04-journey-logistics.html#inclusions-exclusions:cards
inclusions_exclusions,inclusions-exclusions,style.density,enum,False,style_class_mapped,.igp-density--compact | .igp-density--comfortable | .igp-density--spacious,04-journey-logistics.html#inclusions-exclusions:default; 04-journey-logistics.html#inclusions-exclusions:two-column; 04-journey-logistics.html#inclusions-exclusions:compact; 04-journey-logistics.html#inclusions-exclusions:cards
inclusions_exclusions,inclusions-exclusions,style.theme,enum,False,style_class_mapped,.igp-theme--default | .igp-theme--brand | .igp-theme--neutral | .igp-theme--light | .igp-theme--dark | .igp-theme--accent | .igp-theme--muted,04-journey-logistics.html#inclusions-exclusions:default; 04-journey-logistics.html#inclusions-exclusions:two-column; 04-journey-logistics.html#inclusions-exclusions:compact; 04-journey-logistics.html#inclusions-exclusions:cards
inclusions_exclusions,inclusions-exclusions,style.container,enum,False,style_class_mapped,.igp-container--narrow | .igp-container--default | .igp-container--wide | .igp-container--full,04-journey-logistics.html#inclusions-exclusions:default; 04-journey-logistics.html#inclusions-exclusions:two-column; 04-journey-logistics.html#inclusions-exclusions:compact; 04-journey-logistics.html#inclusions-exclusions:cards
inclusions_exclusions,inclusions-exclusions,style.surface,enum,False,style_class_mapped,.igp-surface--default | .igp-surface--flat | .igp-surface--elevated | .igp-surface--card | .igp-surface--tinted | .igp-surface--transparent,04-journey-logistics.html#inclusions-exclusions:default; 04-journey-logistics.html#inclusions-exclusions:two-column; 04-journey-logistics.html#inclusions-exclusions:compact; 04-journey-logistics.html#inclusions-exclusions:cards
inclusions_exclusions,inclusions-exclusions,style.media_position,enum,False,style_class_mapped,.igp-media-position--auto | .igp-media-position--left | .igp-media-position--right | .igp-media-position--top | .igp-media-position--bottom | .igp-media-position--background | .igp-media-position--none,04-journey-logistics.html#inclusions-exclusions:default; 04-journey-logistics.html#inclusions-exclusions:two-column; 04-journey-logistics.html#inclusions-exclusions:compact; 04-journey-logistics.html#inclusions-exclusions:cards
inclusions_exclusions,inclusions-exclusions,intro,text,False,field_class_mapped,.igp-pro-inclusions-exclusions__intro,04-journey-logistics.html#inclusions-exclusions:default; 04-journey-logistics.html#inclusions-exclusions:two-column; 04-journey-logistics.html#inclusions-exclusions:compact; 04-journey-logistics.html#inclusions-exclusions:cards
inclusions_exclusions,inclusions-exclusions,inclusions,repeater,False,field_class_mapped,.igp-pro-inclusions-exclusions__column--included,04-journey-logistics.html#inclusions-exclusions:default; 04-journey-logistics.html#inclusions-exclusions:two-column; 04-journey-logistics.html#inclusions-exclusions:compact; 04-journey-logistics.html#inclusions-exclusions:cards
inclusions_exclusions,inclusions-exclusions,inclusions[].item,string,True,field_class_mapped,.igp-pro-inclusions-exclusions__column--included li,04-journey-logistics.html#inclusions-exclusions:default; 04-journey-logistics.html#inclusions-exclusions:two-column; 04-journey-logistics.html#inclusions-exclusions:compact; 04-journey-logistics.html#inclusions-exclusions:cards
inclusions_exclusions,inclusions-exclusions,inclusions[].note,string,False,field_class_mapped,.igp-pro-inclusions-exclusions__note,04-journey-logistics.html#inclusions-exclusions:default; 04-journey-logistics.html#inclusions-exclusions:two-column; 04-journey-logistics.html#inclusions-exclusions:compact; 04-journey-logistics.html#inclusions-exclusions:cards
inclusions_exclusions,inclusions-exclusions,exclusions,repeater,False,field_class_mapped,.igp-pro-inclusions-exclusions__column--excluded,04-journey-logistics.html#inclusions-exclusions:default; 04-journey-logistics.html#inclusions-exclusions:two-column; 04-journey-logistics.html#inclusions-exclusions:compact; 04-journey-logistics.html#inclusions-exclusions:cards
inclusions_exclusions,inclusions-exclusions,exclusions[].item,string,True,field_class_mapped,.igp-pro-inclusions-exclusions__column--excluded li,04-journey-logistics.html#inclusions-exclusions:default; 04-journey-logistics.html#inclusions-exclusions:two-column; 04-journey-logistics.html#inclusions-exclusions:compact; 04-journey-logistics.html#inclusions-exclusions:cards
inclusions_exclusions,inclusions-exclusions,exclusions[].note,string,False,field_class_mapped,.igp-pro-inclusions-exclusions__note,04-journey-logistics.html#inclusions-exclusions:default; 04-journey-logistics.html#inclusions-exclusions:two-column; 04-journey-logistics.html#inclusions-exclusions:compact; 04-journey-logistics.html#inclusions-exclusions:cards
inclusions_exclusions,inclusions-exclusions,note,text,False,field_class_mapped,.igp-pro-inclusions-exclusions__note,04-journey-logistics.html#inclusions-exclusions:default; 04-journey-logistics.html#inclusions-exclusions:two-column; 04-journey-logistics.html#inclusions-exclusions:compact; 04-journey-logistics.html#inclusions-exclusions:cards
itinerary,itinerary,heading,object,False,semantic_heading_mapped,.igp-block__header | .igp-block__heading,04-journey-logistics.html#itinerary:default; 04-journey-logistics.html#itinerary:timeline; 04-journey-logistics.html#itinerary:cards; 04-journey-logistics.html#itinerary:compact
itinerary,itinerary,heading.text,string,False,field_class_mapped,.igp-block__heading | .igp-pro-block-title,04-journey-logistics.html#itinerary:default; 04-journey-logistics.html#itinerary:timeline; 04-journey-logistics.html#itinerary:cards; 04-journey-logistics.html#itinerary:compact
itinerary,itinerary,heading.level,enum,False,semantic_heading_mapped,.igp-block__heading--h2 | .igp-block__heading--h3 | .igp-block__heading--h4,04-journey-logistics.html#itinerary:default; 04-journey-logistics.html#itinerary:timeline; 04-journey-logistics.html#itinerary:cards; 04-journey-logistics.html#itinerary:compact
itinerary,itinerary,heading.eyebrow,string,False,field_class_mapped,.igp-block__eyebrow | .igp-pro-block-eyebrow,04-journey-logistics.html#itinerary:default; 04-journey-logistics.html#itinerary:timeline; 04-journey-logistics.html#itinerary:cards; 04-journey-logistics.html#itinerary:compact
itinerary,itinerary,heading.visible,boolean,False,semantic_heading_mapped,.igp-block__header | .igp-block__heading,04-journey-logistics.html#itinerary:default; 04-journey-logistics.html#itinerary:timeline; 04-journey-logistics.html#itinerary:cards; 04-journey-logistics.html#itinerary:compact
itinerary,itinerary,style,object,False,style_object_mapped,.igp-block--itinerary,04-journey-logistics.html#itinerary:default; 04-journey-logistics.html#itinerary:timeline; 04-journey-logistics.html#itinerary:cards; 04-journey-logistics.html#itinerary:compact
itinerary,itinerary,style.variant,enum,False,style_class_mapped,.igp-variant--<schema variant>,04-journey-logistics.html#itinerary:default; 04-journey-logistics.html#itinerary:timeline; 04-journey-logistics.html#itinerary:cards; 04-journey-logistics.html#itinerary:compact
itinerary,itinerary,style.density,enum,False,style_class_mapped,.igp-density--compact | .igp-density--comfortable | .igp-density--spacious,04-journey-logistics.html#itinerary:default; 04-journey-logistics.html#itinerary:timeline; 04-journey-logistics.html#itinerary:cards; 04-journey-logistics.html#itinerary:compact
itinerary,itinerary,style.theme,enum,False,style_class_mapped,.igp-theme--default | .igp-theme--brand | .igp-theme--neutral | .igp-theme--light | .igp-theme--dark | .igp-theme--accent | .igp-theme--muted,04-journey-logistics.html#itinerary:default; 04-journey-logistics.html#itinerary:timeline; 04-journey-logistics.html#itinerary:cards; 04-journey-logistics.html#itinerary:compact
itinerary,itinerary,style.container,enum,False,style_class_mapped,.igp-container--narrow | .igp-container--default | .igp-container--wide | .igp-container--full,04-journey-logistics.html#itinerary:default; 04-journey-logistics.html#itinerary:timeline; 04-journey-logistics.html#itinerary:cards; 04-journey-logistics.html#itinerary:compact
itinerary,itinerary,style.surface,enum,False,style_class_mapped,.igp-surface--default | .igp-surface--flat | .igp-surface--elevated | .igp-surface--card | .igp-surface--tinted | .igp-surface--transparent,04-journey-logistics.html#itinerary:default; 04-journey-logistics.html#itinerary:timeline; 04-journey-logistics.html#itinerary:cards; 04-journey-logistics.html#itinerary:compact
itinerary,itinerary,style.media_position,enum,False,style_class_mapped,.igp-media-position--auto | .igp-media-position--left | .igp-media-position--right | .igp-media-position--top | .igp-media-position--bottom | .igp-media-position--background | .igp-media-position--none,04-journey-logistics.html#itinerary:default; 04-journey-logistics.html#itinerary:timeline; 04-journey-logistics.html#itinerary:cards; 04-journey-logistics.html#itinerary:compact
itinerary,itinerary,days,repeater,False,field_class_mapped,.igp-pro-itinerary__days,04-journey-logistics.html#itinerary:default; 04-journey-logistics.html#itinerary:timeline; 04-journey-logistics.html#itinerary:cards; 04-journey-logistics.html#itinerary:compact
itinerary,itinerary,days[].day_title,string,False,field_class_mapped,.igp-pro-itinerary__day-title,04-journey-logistics.html#itinerary:default; 04-journey-logistics.html#itinerary:timeline; 04-journey-logistics.html#itinerary:cards; 04-journey-logistics.html#itinerary:compact
itinerary,itinerary,days[].description,text,False,field_class_mapped,.igp-pro-itinerary__description,04-journey-logistics.html#itinerary:default; 04-journey-logistics.html#itinerary:timeline; 04-journey-logistics.html#itinerary:cards; 04-journey-logistics.html#itinerary:compact
itinerary,itinerary,days[].meals,string,False,field_class_mapped,.igp-pro-itinerary__meta,04-journey-logistics.html#itinerary:default; 04-journey-logistics.html#itinerary:timeline; 04-journey-logistics.html#itinerary:cards; 04-journey-logistics.html#itinerary:compact
itinerary,itinerary,days[].stay,string,False,field_class_mapped,.igp-pro-itinerary__meta,04-journey-logistics.html#itinerary:default; 04-journey-logistics.html#itinerary:timeline; 04-journey-logistics.html#itinerary:cards; 04-journey-logistics.html#itinerary:compact
map,map,heading,object,False,semantic_heading_mapped,.igp-block__header | .igp-block__heading,05-pricing-location-booking.html#map:default; 05-pricing-location-booking.html#map:wide; 05-pricing-location-booking.html#map:card
map,map,heading.text,string,False,field_class_mapped,.igp-block__heading | .igp-pro-block-title,05-pricing-location-booking.html#map:default; 05-pricing-location-booking.html#map:wide; 05-pricing-location-booking.html#map:card
map,map,heading.level,enum,False,semantic_heading_mapped,.igp-block__heading--h2 | .igp-block__heading--h3 | .igp-block__heading--h4,05-pricing-location-booking.html#map:default; 05-pricing-location-booking.html#map:wide; 05-pricing-location-booking.html#map:card
map,map,heading.eyebrow,string,False,field_class_mapped,.igp-block__eyebrow | .igp-pro-block-eyebrow,05-pricing-location-booking.html#map:default; 05-pricing-location-booking.html#map:wide; 05-pricing-location-booking.html#map:card
map,map,heading.visible,boolean,False,semantic_heading_mapped,.igp-block__header | .igp-block__heading,05-pricing-location-booking.html#map:default; 05-pricing-location-booking.html#map:wide; 05-pricing-location-booking.html#map:card
map,map,style,object,False,style_object_mapped,.igp-block--map,05-pricing-location-booking.html#map:default; 05-pricing-location-booking.html#map:wide; 05-pricing-location-booking.html#map:card
map,map,style.variant,enum,False,style_class_mapped,.igp-variant--<schema variant>,05-pricing-location-booking.html#map:default; 05-pricing-location-booking.html#map:wide; 05-pricing-location-booking.html#map:card
map,map,style.density,enum,False,style_class_mapped,.igp-density--compact | .igp-density--comfortable | .igp-density--spacious,05-pricing-location-booking.html#map:default; 05-pricing-location-booking.html#map:wide; 05-pricing-location-booking.html#map:card
map,map,style.theme,enum,False,style_class_mapped,.igp-theme--default | .igp-theme--brand | .igp-theme--neutral | .igp-theme--light | .igp-theme--dark | .igp-theme--accent | .igp-theme--muted,05-pricing-location-booking.html#map:default; 05-pricing-location-booking.html#map:wide; 05-pricing-location-booking.html#map:card
map,map,style.container,enum,False,style_class_mapped,.igp-container--narrow | .igp-container--default | .igp-container--wide | .igp-container--full,05-pricing-location-booking.html#map:default; 05-pricing-location-booking.html#map:wide; 05-pricing-location-booking.html#map:card
map,map,style.surface,enum,False,style_class_mapped,.igp-surface--default | .igp-surface--flat | .igp-surface--elevated | .igp-surface--card | .igp-surface--tinted | .igp-surface--transparent,05-pricing-location-booking.html#map:default; 05-pricing-location-booking.html#map:wide; 05-pricing-location-booking.html#map:card
map,map,style.media_position,enum,False,style_class_mapped,.igp-media-position--auto | .igp-media-position--left | .igp-media-position--right | .igp-media-position--top | .igp-media-position--bottom | .igp-media-position--background | .igp-media-position--none,05-pricing-location-booking.html#map:default; 05-pricing-location-booking.html#map:wide; 05-pricing-location-booking.html#map:card
map,map,address,string,False,field_class_mapped,.igp-pro-map__address,05-pricing-location-booking.html#map:default; 05-pricing-location-booking.html#map:wide; 05-pricing-location-booking.html#map:card
map,map,embed_url,string,False,field_class_mapped,.igp-pro-map__iframe,05-pricing-location-booking.html#map:default; 05-pricing-location-booking.html#map:wide; 05-pricing-location-booking.html#map:card
map,map,height,number,False,field_class_mapped,.igp-pro-map__iframe,05-pricing-location-booking.html#map:default; 05-pricing-location-booking.html#map:wide; 05-pricing-location-booking.html#map:card
map,map,link_label,string,False,field_class_mapped,.igp-pro-map__link,05-pricing-location-booking.html#map:default; 05-pricing-location-booking.html#map:wide; 05-pricing-location-booking.html#map:card
nearby_attractions,nearby-attractions,heading,object,True,semantic_heading_mapped,.igp-block__header | .igp-block__heading,03-visual-proof-local-context.html#nearby-attractions:default; 03-visual-proof-local-context.html#nearby-attractions:grid; 03-visual-proof-local-context.html#nearby-attractions:list; 03-visual-proof-local-context.html#nearby-attractions:compact
nearby_attractions,nearby-attractions,heading.text,string,True,field_class_mapped,.igp-block__heading | .igp-pro-block-title,03-visual-proof-local-context.html#nearby-attractions:default; 03-visual-proof-local-context.html#nearby-attractions:grid; 03-visual-proof-local-context.html#nearby-attractions:list; 03-visual-proof-local-context.html#nearby-attractions:compact
nearby_attractions,nearby-attractions,heading.level,enum,False,semantic_heading_mapped,.igp-block__heading--h2 | .igp-block__heading--h3 | .igp-block__heading--h4,03-visual-proof-local-context.html#nearby-attractions:default; 03-visual-proof-local-context.html#nearby-attractions:grid; 03-visual-proof-local-context.html#nearby-attractions:list; 03-visual-proof-local-context.html#nearby-attractions:compact
nearby_attractions,nearby-attractions,heading.eyebrow,string,False,field_class_mapped,.igp-block__eyebrow | .igp-pro-block-eyebrow,03-visual-proof-local-context.html#nearby-attractions:default; 03-visual-proof-local-context.html#nearby-attractions:grid; 03-visual-proof-local-context.html#nearby-attractions:list; 03-visual-proof-local-context.html#nearby-attractions:compact
nearby_attractions,nearby-attractions,heading.visible,boolean,False,semantic_heading_mapped,.igp-block__header | .igp-block__heading,03-visual-proof-local-context.html#nearby-attractions:default; 03-visual-proof-local-context.html#nearby-attractions:grid; 03-visual-proof-local-context.html#nearby-attractions:list; 03-visual-proof-local-context.html#nearby-attractions:compact
nearby_attractions,nearby-attractions,style,object,False,style_object_mapped,.igp-block--nearby-attractions,03-visual-proof-local-context.html#nearby-attractions:default; 03-visual-proof-local-context.html#nearby-attractions:grid; 03-visual-proof-local-context.html#nearby-attractions:list; 03-visual-proof-local-context.html#nearby-attractions:compact
nearby_attractions,nearby-attractions,style.variant,enum,False,style_class_mapped,.igp-variant--<schema variant>,03-visual-proof-local-context.html#nearby-attractions:default; 03-visual-proof-local-context.html#nearby-attractions:grid; 03-visual-proof-local-context.html#nearby-attractions:list; 03-visual-proof-local-context.html#nearby-attractions:compact
nearby_attractions,nearby-attractions,style.density,enum,False,style_class_mapped,.igp-density--compact | .igp-density--comfortable | .igp-density--spacious,03-visual-proof-local-context.html#nearby-attractions:default; 03-visual-proof-local-context.html#nearby-attractions:grid; 03-visual-proof-local-context.html#nearby-attractions:list; 03-visual-proof-local-context.html#nearby-attractions:compact
nearby_attractions,nearby-attractions,style.theme,enum,False,style_class_mapped,.igp-theme--default | .igp-theme--brand | .igp-theme--neutral | .igp-theme--light | .igp-theme--dark | .igp-theme--accent | .igp-theme--muted,03-visual-proof-local-context.html#nearby-attractions:default; 03-visual-proof-local-context.html#nearby-attractions:grid; 03-visual-proof-local-context.html#nearby-attractions:list; 03-visual-proof-local-context.html#nearby-attractions:compact
nearby_attractions,nearby-attractions,style.container,enum,False,style_class_mapped,.igp-container--narrow | .igp-container--default | .igp-container--wide | .igp-container--full,03-visual-proof-local-context.html#nearby-attractions:default; 03-visual-proof-local-context.html#nearby-attractions:grid; 03-visual-proof-local-context.html#nearby-attractions:list; 03-visual-proof-local-context.html#nearby-attractions:compact
nearby_attractions,nearby-attractions,style.surface,enum,False,style_class_mapped,.igp-surface--default | .igp-surface--flat | .igp-surface--elevated | .igp-surface--card | .igp-surface--tinted | .igp-surface--transparent,03-visual-proof-local-context.html#nearby-attractions:default; 03-visual-proof-local-context.html#nearby-attractions:grid; 03-visual-proof-local-context.html#nearby-attractions:list; 03-visual-proof-local-context.html#nearby-attractions:compact
nearby_attractions,nearby-attractions,style.media_position,enum,False,style_class_mapped,.igp-media-position--auto | .igp-media-position--left | .igp-media-position--right | .igp-media-position--top | .igp-media-position--bottom | .igp-media-position--background | .igp-media-position--none,03-visual-proof-local-context.html#nearby-attractions:default; 03-visual-proof-local-context.html#nearby-attractions:grid; 03-visual-proof-local-context.html#nearby-attractions:list; 03-visual-proof-local-context.html#nearby-attractions:compact
nearby_attractions,nearby-attractions,intro,text,False,field_class_mapped,.igp-pro-nearby-attractions__intro,03-visual-proof-local-context.html#nearby-attractions:default; 03-visual-proof-local-context.html#nearby-attractions:grid; 03-visual-proof-local-context.html#nearby-attractions:list; 03-visual-proof-local-context.html#nearby-attractions:compact
nearby_attractions,nearby-attractions,source,enum,False,field_class_mapped,.igp-pro-nearby-attractions__grid,03-visual-proof-local-context.html#nearby-attractions:default; 03-visual-proof-local-context.html#nearby-attractions:grid; 03-visual-proof-local-context.html#nearby-attractions:list; 03-visual-proof-local-context.html#nearby-attractions:compact
nearby_attractions,nearby-attractions,items,repeater,False,field_class_mapped,.igp-pro-nearby-attractions__grid,03-visual-proof-local-context.html#nearby-attractions:default; 03-visual-proof-local-context.html#nearby-attractions:grid; 03-visual-proof-local-context.html#nearby-attractions:list; 03-visual-proof-local-context.html#nearby-attractions:compact
nearby_attractions,nearby-attractions,items[].name,string,True,field_class_mapped,.igp-pro-nearby-attraction-card h3,03-visual-proof-local-context.html#nearby-attractions:default; 03-visual-proof-local-context.html#nearby-attractions:grid; 03-visual-proof-local-context.html#nearby-attractions:list; 03-visual-proof-local-context.html#nearby-attractions:compact
nearby_attractions,nearby-attractions,items[].description,text,False,field_class_mapped,.igp-pro-nearby-attraction-card p,03-visual-proof-local-context.html#nearby-attractions:default; 03-visual-proof-local-context.html#nearby-attractions:grid; 03-visual-proof-local-context.html#nearby-attractions:list; 03-visual-proof-local-context.html#nearby-attractions:compact
nearby_attractions,nearby-attractions,items[].distance,string,False,field_class_mapped,.igp-pro-nearby-attraction-card__meta,03-visual-proof-local-context.html#nearby-attractions:default; 03-visual-proof-local-context.html#nearby-attractions:grid; 03-visual-proof-local-context.html#nearby-attractions:list; 03-visual-proof-local-context.html#nearby-attractions:compact
nearby_attractions,nearby-attractions,items[].travel_time,string,False,field_class_mapped,.igp-pro-nearby-attraction-card__meta,03-visual-proof-local-context.html#nearby-attractions:default; 03-visual-proof-local-context.html#nearby-attractions:grid; 03-visual-proof-local-context.html#nearby-attractions:list; 03-visual-proof-local-context.html#nearby-attractions:compact
nearby_attractions,nearby-attractions,items[].image,image,False,field_class_mapped,.igp-pro-nearby-attraction-card img,03-visual-proof-local-context.html#nearby-attractions:default; 03-visual-proof-local-context.html#nearby-attractions:grid; 03-visual-proof-local-context.html#nearby-attractions:list; 03-visual-proof-local-context.html#nearby-attractions:compact
nearby_attractions,nearby-attractions,items[].link_url,string,False,field_class_mapped,.igp-pro-nearby-attraction-card .igp-pro-text-link,03-visual-proof-local-context.html#nearby-attractions:default; 03-visual-proof-local-context.html#nearby-attractions:grid; 03-visual-proof-local-context.html#nearby-attractions:list; 03-visual-proof-local-context.html#nearby-attractions:compact
nearby_attractions,nearby-attractions,limit,number,False,field_class_mapped,.igp-pro-nearby-attractions__grid,03-visual-proof-local-context.html#nearby-attractions:default; 03-visual-proof-local-context.html#nearby-attractions:grid; 03-visual-proof-local-context.html#nearby-attractions:list; 03-visual-proof-local-context.html#nearby-attractions:compact
package_tiers,package-tiers,heading,object,True,semantic_heading_mapped,.igp-block__header | .igp-block__heading,05-pricing-location-booking.html#package-tiers:default; 05-pricing-location-booking.html#package-tiers:comparison; 05-pricing-location-booking.html#package-tiers:cards; 05-pricing-location-booking.html#package-tiers:compact
package_tiers,package-tiers,heading.text,string,True,field_class_mapped,.igp-block__heading | .igp-pro-block-title,05-pricing-location-booking.html#package-tiers:default; 05-pricing-location-booking.html#package-tiers:comparison; 05-pricing-location-booking.html#package-tiers:cards; 05-pricing-location-booking.html#package-tiers:compact
package_tiers,package-tiers,heading.level,enum,False,semantic_heading_mapped,.igp-block__heading--h2 | .igp-block__heading--h3 | .igp-block__heading--h4,05-pricing-location-booking.html#package-tiers:default; 05-pricing-location-booking.html#package-tiers:comparison; 05-pricing-location-booking.html#package-tiers:cards; 05-pricing-location-booking.html#package-tiers:compact
package_tiers,package-tiers,heading.eyebrow,string,False,field_class_mapped,.igp-block__eyebrow | .igp-pro-block-eyebrow,05-pricing-location-booking.html#package-tiers:default; 05-pricing-location-booking.html#package-tiers:comparison; 05-pricing-location-booking.html#package-tiers:cards; 05-pricing-location-booking.html#package-tiers:compact
package_tiers,package-tiers,heading.visible,boolean,False,semantic_heading_mapped,.igp-block__header | .igp-block__heading,05-pricing-location-booking.html#package-tiers:default; 05-pricing-location-booking.html#package-tiers:comparison; 05-pricing-location-booking.html#package-tiers:cards; 05-pricing-location-booking.html#package-tiers:compact
package_tiers,package-tiers,style,object,False,style_object_mapped,.igp-block--package-tiers,05-pricing-location-booking.html#package-tiers:default; 05-pricing-location-booking.html#package-tiers:comparison; 05-pricing-location-booking.html#package-tiers:cards; 05-pricing-location-booking.html#package-tiers:compact
package_tiers,package-tiers,style.variant,enum,False,style_class_mapped,.igp-variant--<schema variant>,05-pricing-location-booking.html#package-tiers:default; 05-pricing-location-booking.html#package-tiers:comparison; 05-pricing-location-booking.html#package-tiers:cards; 05-pricing-location-booking.html#package-tiers:compact
package_tiers,package-tiers,style.density,enum,False,style_class_mapped,.igp-density--compact | .igp-density--comfortable | .igp-density--spacious,05-pricing-location-booking.html#package-tiers:default; 05-pricing-location-booking.html#package-tiers:comparison; 05-pricing-location-booking.html#package-tiers:cards; 05-pricing-location-booking.html#package-tiers:compact
package_tiers,package-tiers,style.theme,enum,False,style_class_mapped,.igp-theme--default | .igp-theme--brand | .igp-theme--neutral | .igp-theme--light | .igp-theme--dark | .igp-theme--accent | .igp-theme--muted,05-pricing-location-booking.html#package-tiers:default; 05-pricing-location-booking.html#package-tiers:comparison; 05-pricing-location-booking.html#package-tiers:cards; 05-pricing-location-booking.html#package-tiers:compact
package_tiers,package-tiers,style.container,enum,False,style_class_mapped,.igp-container--narrow | .igp-container--default | .igp-container--wide | .igp-container--full,05-pricing-location-booking.html#package-tiers:default; 05-pricing-location-booking.html#package-tiers:comparison; 05-pricing-location-booking.html#package-tiers:cards; 05-pricing-location-booking.html#package-tiers:compact
package_tiers,package-tiers,style.surface,enum,False,style_class_mapped,.igp-surface--default | .igp-surface--flat | .igp-surface--elevated | .igp-surface--card | .igp-surface--tinted | .igp-surface--transparent,05-pricing-location-booking.html#package-tiers:default; 05-pricing-location-booking.html#package-tiers:comparison; 05-pricing-location-booking.html#package-tiers:cards; 05-pricing-location-booking.html#package-tiers:compact
package_tiers,package-tiers,style.media_position,enum,False,style_class_mapped,.igp-media-position--auto | .igp-media-position--left | .igp-media-position--right | .igp-media-position--top | .igp-media-position--bottom | .igp-media-position--background | .igp-media-position--none,05-pricing-location-booking.html#package-tiers:default; 05-pricing-location-booking.html#package-tiers:comparison; 05-pricing-location-booking.html#package-tiers:cards; 05-pricing-location-booking.html#package-tiers:compact
package_tiers,package-tiers,intro,text,False,field_class_mapped,.igp-pro-package-tiers__intro,05-pricing-location-booking.html#package-tiers:default; 05-pricing-location-booking.html#package-tiers:comparison; 05-pricing-location-booking.html#package-tiers:cards; 05-pricing-location-booking.html#package-tiers:compact
package_tiers,package-tiers,tiers,repeater,False,field_class_mapped,.igp-pro-package-tiers__grid,05-pricing-location-booking.html#package-tiers:default; 05-pricing-location-booking.html#package-tiers:comparison; 05-pricing-location-booking.html#package-tiers:cards; 05-pricing-location-booking.html#package-tiers:compact
package_tiers,package-tiers,tiers[].name,string,True,field_class_mapped,.igp-pro-package-tier h3,05-pricing-location-booking.html#package-tiers:default; 05-pricing-location-booking.html#package-tiers:comparison; 05-pricing-location-booking.html#package-tiers:cards; 05-pricing-location-booking.html#package-tiers:compact
package_tiers,package-tiers,tiers[].price,string,False,field_class_mapped,.igp-pro-package-tier__price,05-pricing-location-booking.html#package-tiers:default; 05-pricing-location-booking.html#package-tiers:comparison; 05-pricing-location-booking.html#package-tiers:cards; 05-pricing-location-booking.html#package-tiers:compact
package_tiers,package-tiers,tiers[].currency,string,False,field_class_mapped,.igp-pro-package-tier__price,05-pricing-location-booking.html#package-tiers:default; 05-pricing-location-booking.html#package-tiers:comparison; 05-pricing-location-booking.html#package-tiers:cards; 05-pricing-location-booking.html#package-tiers:compact
package_tiers,package-tiers,tiers[].duration,string,False,field_class_mapped,.igp-pro-package-tier__duration,05-pricing-location-booking.html#package-tiers:default; 05-pricing-location-booking.html#package-tiers:comparison; 05-pricing-location-booking.html#package-tiers:cards; 05-pricing-location-booking.html#package-tiers:compact
package_tiers,package-tiers,tiers[].description,text,False,field_class_mapped,.igp-pro-package-tier p,05-pricing-location-booking.html#package-tiers:default; 05-pricing-location-booking.html#package-tiers:comparison; 05-pricing-location-booking.html#package-tiers:cards; 05-pricing-location-booking.html#package-tiers:compact
package_tiers,package-tiers,tiers[].features,repeater,False,field_class_mapped,.igp-pro-package-tier ul,05-pricing-location-booking.html#package-tiers:default; 05-pricing-location-booking.html#package-tiers:comparison; 05-pricing-location-booking.html#package-tiers:cards; 05-pricing-location-booking.html#package-tiers:compact
package_tiers,package-tiers,tiers[].features[].item,string,True,field_class_mapped,.igp-pro-package-tier li,05-pricing-location-booking.html#package-tiers:default; 05-pricing-location-booking.html#package-tiers:comparison; 05-pricing-location-booking.html#package-tiers:cards; 05-pricing-location-booking.html#package-tiers:compact
package_tiers,package-tiers,tiers[].highlight,boolean,False,field_class_mapped,.igp-pro-package-tier--highlight,05-pricing-location-booking.html#package-tiers:default; 05-pricing-location-booking.html#package-tiers:comparison; 05-pricing-location-booking.html#package-tiers:cards; 05-pricing-location-booking.html#package-tiers:compact
package_tiers,package-tiers,tiers[].cta_label,string,False,field_class_mapped,.igp-pro-package-tier .igp-pro-button,05-pricing-location-booking.html#package-tiers:default; 05-pricing-location-booking.html#package-tiers:comparison; 05-pricing-location-booking.html#package-tiers:cards; 05-pricing-location-booking.html#package-tiers:compact
package_tiers,package-tiers,tiers[].cta_url,string,False,field_class_mapped,.igp-pro-package-tier .igp-pro-button,05-pricing-location-booking.html#package-tiers:default; 05-pricing-location-booking.html#package-tiers:comparison; 05-pricing-location-booking.html#package-tiers:cards; 05-pricing-location-booking.html#package-tiers:compact
package_tiers,package-tiers,note,text,False,field_class_mapped,.igp-pro-package-tiers__note,05-pricing-location-booking.html#package-tiers:default; 05-pricing-location-booking.html#package-tiers:comparison; 05-pricing-location-booking.html#package-tiers:cards; 05-pricing-location-booking.html#package-tiers:compact
pricing_summary,pricing-summary,heading,object,False,semantic_heading_mapped,.igp-block__header | .igp-block__heading,05-pricing-location-booking.html#pricing-summary:default; 05-pricing-location-booking.html#pricing-summary:compact; 05-pricing-location-booking.html#pricing-summary:featured; 05-pricing-location-booking.html#pricing-summary:comparison
pricing_summary,pricing-summary,heading.text,string,False,field_class_mapped,.igp-block__heading | .igp-pro-block-title,05-pricing-location-booking.html#pricing-summary:default; 05-pricing-location-booking.html#pricing-summary:compact; 05-pricing-location-booking.html#pricing-summary:featured; 05-pricing-location-booking.html#pricing-summary:comparison
pricing_summary,pricing-summary,heading.level,enum,False,semantic_heading_mapped,.igp-block__heading--h2 | .igp-block__heading--h3 | .igp-block__heading--h4,05-pricing-location-booking.html#pricing-summary:default; 05-pricing-location-booking.html#pricing-summary:compact; 05-pricing-location-booking.html#pricing-summary:featured; 05-pricing-location-booking.html#pricing-summary:comparison
pricing_summary,pricing-summary,heading.eyebrow,string,False,field_class_mapped,.igp-block__eyebrow | .igp-pro-block-eyebrow,05-pricing-location-booking.html#pricing-summary:default; 05-pricing-location-booking.html#pricing-summary:compact; 05-pricing-location-booking.html#pricing-summary:featured; 05-pricing-location-booking.html#pricing-summary:comparison
pricing_summary,pricing-summary,heading.visible,boolean,False,semantic_heading_mapped,.igp-block__header | .igp-block__heading,05-pricing-location-booking.html#pricing-summary:default; 05-pricing-location-booking.html#pricing-summary:compact; 05-pricing-location-booking.html#pricing-summary:featured; 05-pricing-location-booking.html#pricing-summary:comparison
pricing_summary,pricing-summary,style,object,False,style_object_mapped,.igp-block--pricing-summary,05-pricing-location-booking.html#pricing-summary:default; 05-pricing-location-booking.html#pricing-summary:compact; 05-pricing-location-booking.html#pricing-summary:featured; 05-pricing-location-booking.html#pricing-summary:comparison
pricing_summary,pricing-summary,style.variant,enum,False,style_class_mapped,.igp-variant--<schema variant>,05-pricing-location-booking.html#pricing-summary:default; 05-pricing-location-booking.html#pricing-summary:compact; 05-pricing-location-booking.html#pricing-summary:featured; 05-pricing-location-booking.html#pricing-summary:comparison
pricing_summary,pricing-summary,style.density,enum,False,style_class_mapped,.igp-density--compact | .igp-density--comfortable | .igp-density--spacious,05-pricing-location-booking.html#pricing-summary:default; 05-pricing-location-booking.html#pricing-summary:compact; 05-pricing-location-booking.html#pricing-summary:featured; 05-pricing-location-booking.html#pricing-summary:comparison
pricing_summary,pricing-summary,style.theme,enum,False,style_class_mapped,.igp-theme--default | .igp-theme--brand | .igp-theme--neutral | .igp-theme--light | .igp-theme--dark | .igp-theme--accent | .igp-theme--muted,05-pricing-location-booking.html#pricing-summary:default; 05-pricing-location-booking.html#pricing-summary:compact; 05-pricing-location-booking.html#pricing-summary:featured; 05-pricing-location-booking.html#pricing-summary:comparison
pricing_summary,pricing-summary,style.container,enum,False,style_class_mapped,.igp-container--narrow | .igp-container--default | .igp-container--wide | .igp-container--full,05-pricing-location-booking.html#pricing-summary:default; 05-pricing-location-booking.html#pricing-summary:compact; 05-pricing-location-booking.html#pricing-summary:featured; 05-pricing-location-booking.html#pricing-summary:comparison
pricing_summary,pricing-summary,style.surface,enum,False,style_class_mapped,.igp-surface--default | .igp-surface--flat | .igp-surface--elevated | .igp-surface--card | .igp-surface--tinted | .igp-surface--transparent,05-pricing-location-booking.html#pricing-summary:default; 05-pricing-location-booking.html#pricing-summary:compact; 05-pricing-location-booking.html#pricing-summary:featured; 05-pricing-location-booking.html#pricing-summary:comparison
pricing_summary,pricing-summary,style.media_position,enum,False,style_class_mapped,.igp-media-position--auto | .igp-media-position--left | .igp-media-position--right | .igp-media-position--top | .igp-media-position--bottom | .igp-media-position--background | .igp-media-position--none,05-pricing-location-booking.html#pricing-summary:default; 05-pricing-location-booking.html#pricing-summary:compact; 05-pricing-location-booking.html#pricing-summary:featured; 05-pricing-location-booking.html#pricing-summary:comparison
pricing_summary,pricing-summary,currency,string,False,field_class_mapped,.igp-pro-pricing-summary__base,05-pricing-location-booking.html#pricing-summary:default; 05-pricing-location-booking.html#pricing-summary:compact; 05-pricing-location-booking.html#pricing-summary:featured; 05-pricing-location-booking.html#pricing-summary:comparison
pricing_summary,pricing-summary,base_price,string,False,field_class_mapped,.igp-pro-pricing-summary__base strong,05-pricing-location-booking.html#pricing-summary:default; 05-pricing-location-booking.html#pricing-summary:compact; 05-pricing-location-booking.html#pricing-summary:featured; 05-pricing-location-booking.html#pricing-summary:comparison
pricing_summary,pricing-summary,items,repeater,False,field_class_mapped,.igp-pro-pricing-summary__items,05-pricing-location-booking.html#pricing-summary:default; 05-pricing-location-booking.html#pricing-summary:compact; 05-pricing-location-booking.html#pricing-summary:featured; 05-pricing-location-booking.html#pricing-summary:comparison
pricing_summary,pricing-summary,items[].label,string,False,field_class_mapped,.igp-pro-pricing-summary__item span:first-child,05-pricing-location-booking.html#pricing-summary:default; 05-pricing-location-booking.html#pricing-summary:compact; 05-pricing-location-booking.html#pricing-summary:featured; 05-pricing-location-booking.html#pricing-summary:comparison
pricing_summary,pricing-summary,items[].value,string,False,field_class_mapped,.igp-pro-pricing-summary__item strong,05-pricing-location-booking.html#pricing-summary:default; 05-pricing-location-booking.html#pricing-summary:compact; 05-pricing-location-booking.html#pricing-summary:featured; 05-pricing-location-booking.html#pricing-summary:comparison
pricing_summary,pricing-summary,note,text,False,field_class_mapped,.igp-pro-pricing-summary__note,05-pricing-location-booking.html#pricing-summary:default; 05-pricing-location-booking.html#pricing-summary:compact; 05-pricing-location-booking.html#pricing-summary:featured; 05-pricing-location-booking.html#pricing-summary:comparison
related_destinations,related-destinations,heading,object,False,semantic_heading_mapped,.igp-block__header | .igp-block__heading,02-listing-card-systems.html#related-destinations:default; 02-listing-card-systems.html#related-destinations:grid; 02-listing-card-systems.html#related-destinations:carousel-safe; 02-listing-card-systems.html#related-destinations:list; 02-listing-card-systems.html#related-destinations:featured
related_destinations,related-destinations,heading.text,string,False,field_class_mapped,.igp-block__heading | .igp-pro-block-title,02-listing-card-systems.html#related-destinations:default; 02-listing-card-systems.html#related-destinations:grid; 02-listing-card-systems.html#related-destinations:carousel-safe; 02-listing-card-systems.html#related-destinations:list; 02-listing-card-systems.html#related-destinations:featured
related_destinations,related-destinations,heading.level,enum,False,semantic_heading_mapped,.igp-block__heading--h2 | .igp-block__heading--h3 | .igp-block__heading--h4,02-listing-card-systems.html#related-destinations:default; 02-listing-card-systems.html#related-destinations:grid; 02-listing-card-systems.html#related-destinations:carousel-safe; 02-listing-card-systems.html#related-destinations:list; 02-listing-card-systems.html#related-destinations:featured
related_destinations,related-destinations,heading.eyebrow,string,False,field_class_mapped,.igp-block__eyebrow | .igp-pro-block-eyebrow,02-listing-card-systems.html#related-destinations:default; 02-listing-card-systems.html#related-destinations:grid; 02-listing-card-systems.html#related-destinations:carousel-safe; 02-listing-card-systems.html#related-destinations:list; 02-listing-card-systems.html#related-destinations:featured
related_destinations,related-destinations,heading.visible,boolean,False,semantic_heading_mapped,.igp-block__header | .igp-block__heading,02-listing-card-systems.html#related-destinations:default; 02-listing-card-systems.html#related-destinations:grid; 02-listing-card-systems.html#related-destinations:carousel-safe; 02-listing-card-systems.html#related-destinations:list; 02-listing-card-systems.html#related-destinations:featured
related_destinations,related-destinations,style,object,False,style_object_mapped,.igp-block--related-destinations,02-listing-card-systems.html#related-destinations:default; 02-listing-card-systems.html#related-destinations:grid; 02-listing-card-systems.html#related-destinations:carousel-safe; 02-listing-card-systems.html#related-destinations:list; 02-listing-card-systems.html#related-destinations:featured
related_destinations,related-destinations,style.variant,enum,False,style_class_mapped,.igp-variant--<schema variant>,02-listing-card-systems.html#related-destinations:default; 02-listing-card-systems.html#related-destinations:grid; 02-listing-card-systems.html#related-destinations:carousel-safe; 02-listing-card-systems.html#related-destinations:list; 02-listing-card-systems.html#related-destinations:featured
related_destinations,related-destinations,style.density,enum,False,style_class_mapped,.igp-density--compact | .igp-density--comfortable | .igp-density--spacious,02-listing-card-systems.html#related-destinations:default; 02-listing-card-systems.html#related-destinations:grid; 02-listing-card-systems.html#related-destinations:carousel-safe; 02-listing-card-systems.html#related-destinations:list; 02-listing-card-systems.html#related-destinations:featured
related_destinations,related-destinations,style.theme,enum,False,style_class_mapped,.igp-theme--default | .igp-theme--brand | .igp-theme--neutral | .igp-theme--light | .igp-theme--dark | .igp-theme--accent | .igp-theme--muted,02-listing-card-systems.html#related-destinations:default; 02-listing-card-systems.html#related-destinations:grid; 02-listing-card-systems.html#related-destinations:carousel-safe; 02-listing-card-systems.html#related-destinations:list; 02-listing-card-systems.html#related-destinations:featured
related_destinations,related-destinations,style.container,enum,False,style_class_mapped,.igp-container--narrow | .igp-container--default | .igp-container--wide | .igp-container--full,02-listing-card-systems.html#related-destinations:default; 02-listing-card-systems.html#related-destinations:grid; 02-listing-card-systems.html#related-destinations:carousel-safe; 02-listing-card-systems.html#related-destinations:list; 02-listing-card-systems.html#related-destinations:featured
related_destinations,related-destinations,style.surface,enum,False,style_class_mapped,.igp-surface--default | .igp-surface--flat | .igp-surface--elevated | .igp-surface--card | .igp-surface--tinted | .igp-surface--transparent,02-listing-card-systems.html#related-destinations:default; 02-listing-card-systems.html#related-destinations:grid; 02-listing-card-systems.html#related-destinations:carousel-safe; 02-listing-card-systems.html#related-destinations:list; 02-listing-card-systems.html#related-destinations:featured
related_destinations,related-destinations,style.media_position,enum,False,style_class_mapped,.igp-media-position--auto | .igp-media-position--left | .igp-media-position--right | .igp-media-position--top | .igp-media-position--bottom | .igp-media-position--background | .igp-media-position--none,02-listing-card-systems.html#related-destinations:default; 02-listing-card-systems.html#related-destinations:grid; 02-listing-card-systems.html#related-destinations:carousel-safe; 02-listing-card-systems.html#related-destinations:list; 02-listing-card-systems.html#related-destinations:featured
related_destinations,related-destinations,limit,number,False,field_class_mapped,.igp-pro-card-grid,02-listing-card-systems.html#related-destinations:default; 02-listing-card-systems.html#related-destinations:grid; 02-listing-card-systems.html#related-destinations:carousel-safe; 02-listing-card-systems.html#related-destinations:list; 02-listing-card-systems.html#related-destinations:featured
related_destinations,related-destinations,layout,enum,False,field_class_mapped,.igp-pro-related--grid | .igp-pro-related--list | .igp-pro-card-grid,02-listing-card-systems.html#related-destinations:default; 02-listing-card-systems.html#related-destinations:grid; 02-listing-card-systems.html#related-destinations:carousel-safe; 02-listing-card-systems.html#related-destinations:list; 02-listing-card-systems.html#related-destinations:featured
related_destinations,related-destinations,show_excerpt,boolean,False,field_class_mapped,.igp-pro-card__excerpt,02-listing-card-systems.html#related-destinations:default; 02-listing-card-systems.html#related-destinations:grid; 02-listing-card-systems.html#related-destinations:carousel-safe; 02-listing-card-systems.html#related-destinations:list; 02-listing-card-systems.html#related-destinations:featured
related_tours,related-tours,heading,object,False,semantic_heading_mapped,.igp-block__header | .igp-block__heading,02-listing-card-systems.html#related-tours:default; 02-listing-card-systems.html#related-tours:grid; 02-listing-card-systems.html#related-tours:carousel-safe; 02-listing-card-systems.html#related-tours:list; 02-listing-card-systems.html#related-tours:featured
related_tours,related-tours,heading.text,string,False,field_class_mapped,.igp-block__heading | .igp-pro-block-title,02-listing-card-systems.html#related-tours:default; 02-listing-card-systems.html#related-tours:grid; 02-listing-card-systems.html#related-tours:carousel-safe; 02-listing-card-systems.html#related-tours:list; 02-listing-card-systems.html#related-tours:featured
related_tours,related-tours,heading.level,enum,False,semantic_heading_mapped,.igp-block__heading--h2 | .igp-block__heading--h3 | .igp-block__heading--h4,02-listing-card-systems.html#related-tours:default; 02-listing-card-systems.html#related-tours:grid; 02-listing-card-systems.html#related-tours:carousel-safe; 02-listing-card-systems.html#related-tours:list; 02-listing-card-systems.html#related-tours:featured
related_tours,related-tours,heading.eyebrow,string,False,field_class_mapped,.igp-block__eyebrow | .igp-pro-block-eyebrow,02-listing-card-systems.html#related-tours:default; 02-listing-card-systems.html#related-tours:grid; 02-listing-card-systems.html#related-tours:carousel-safe; 02-listing-card-systems.html#related-tours:list; 02-listing-card-systems.html#related-tours:featured
related_tours,related-tours,heading.visible,boolean,False,semantic_heading_mapped,.igp-block__header | .igp-block__heading,02-listing-card-systems.html#related-tours:default; 02-listing-card-systems.html#related-tours:grid; 02-listing-card-systems.html#related-tours:carousel-safe; 02-listing-card-systems.html#related-tours:list; 02-listing-card-systems.html#related-tours:featured
related_tours,related-tours,style,object,False,style_object_mapped,.igp-block--related-tours,02-listing-card-systems.html#related-tours:default; 02-listing-card-systems.html#related-tours:grid; 02-listing-card-systems.html#related-tours:carousel-safe; 02-listing-card-systems.html#related-tours:list; 02-listing-card-systems.html#related-tours:featured
related_tours,related-tours,style.variant,enum,False,style_class_mapped,.igp-variant--<schema variant>,02-listing-card-systems.html#related-tours:default; 02-listing-card-systems.html#related-tours:grid; 02-listing-card-systems.html#related-tours:carousel-safe; 02-listing-card-systems.html#related-tours:list; 02-listing-card-systems.html#related-tours:featured
related_tours,related-tours,style.density,enum,False,style_class_mapped,.igp-density--compact | .igp-density--comfortable | .igp-density--spacious,02-listing-card-systems.html#related-tours:default; 02-listing-card-systems.html#related-tours:grid; 02-listing-card-systems.html#related-tours:carousel-safe; 02-listing-card-systems.html#related-tours:list; 02-listing-card-systems.html#related-tours:featured
related_tours,related-tours,style.theme,enum,False,style_class_mapped,.igp-theme--default | .igp-theme--brand | .igp-theme--neutral | .igp-theme--light | .igp-theme--dark | .igp-theme--accent | .igp-theme--muted,02-listing-card-systems.html#related-tours:default; 02-listing-card-systems.html#related-tours:grid; 02-listing-card-systems.html#related-tours:carousel-safe; 02-listing-card-systems.html#related-tours:list; 02-listing-card-systems.html#related-tours:featured
related_tours,related-tours,style.container,enum,False,style_class_mapped,.igp-container--narrow | .igp-container--default | .igp-container--wide | .igp-container--full,02-listing-card-systems.html#related-tours:default; 02-listing-card-systems.html#related-tours:grid; 02-listing-card-systems.html#related-tours:carousel-safe; 02-listing-card-systems.html#related-tours:list; 02-listing-card-systems.html#related-tours:featured
related_tours,related-tours,style.surface,enum,False,style_class_mapped,.igp-surface--default | .igp-surface--flat | .igp-surface--elevated | .igp-surface--card | .igp-surface--tinted | .igp-surface--transparent,02-listing-card-systems.html#related-tours:default; 02-listing-card-systems.html#related-tours:grid; 02-listing-card-systems.html#related-tours:carousel-safe; 02-listing-card-systems.html#related-tours:list; 02-listing-card-systems.html#related-tours:featured
related_tours,related-tours,style.media_position,enum,False,style_class_mapped,.igp-media-position--auto | .igp-media-position--left | .igp-media-position--right | .igp-media-position--top | .igp-media-position--bottom | .igp-media-position--background | .igp-media-position--none,02-listing-card-systems.html#related-tours:default; 02-listing-card-systems.html#related-tours:grid; 02-listing-card-systems.html#related-tours:carousel-safe; 02-listing-card-systems.html#related-tours:list; 02-listing-card-systems.html#related-tours:featured
related_tours,related-tours,limit,number,False,field_class_mapped,.igp-pro-card-grid,02-listing-card-systems.html#related-tours:default; 02-listing-card-systems.html#related-tours:grid; 02-listing-card-systems.html#related-tours:carousel-safe; 02-listing-card-systems.html#related-tours:list; 02-listing-card-systems.html#related-tours:featured
related_tours,related-tours,layout,enum,False,field_class_mapped,.igp-pro-related--grid | .igp-pro-related--list | .igp-pro-card-grid,02-listing-card-systems.html#related-tours:default; 02-listing-card-systems.html#related-tours:grid; 02-listing-card-systems.html#related-tours:carousel-safe; 02-listing-card-systems.html#related-tours:list; 02-listing-card-systems.html#related-tours:featured
related_tours,related-tours,show_excerpt,boolean,False,field_class_mapped,.igp-pro-card__excerpt,02-listing-card-systems.html#related-tours:default; 02-listing-card-systems.html#related-tours:grid; 02-listing-card-systems.html#related-tours:carousel-safe; 02-listing-card-systems.html#related-tours:list; 02-listing-card-systems.html#related-tours:featured
reviews_summary,reviews-summary,heading,object,True,semantic_heading_mapped,.igp-block__header | .igp-block__heading,03-visual-proof-local-context.html#reviews-summary:default; 03-visual-proof-local-context.html#reviews-summary:summary; 03-visual-proof-local-context.html#reviews-summary:cards; 03-visual-proof-local-context.html#reviews-summary:compact
reviews_summary,reviews-summary,heading.text,string,True,field_class_mapped,.igp-block__heading | .igp-pro-block-title,03-visual-proof-local-context.html#reviews-summary:default; 03-visual-proof-local-context.html#reviews-summary:summary; 03-visual-proof-local-context.html#reviews-summary:cards; 03-visual-proof-local-context.html#reviews-summary:compact
reviews_summary,reviews-summary,heading.level,enum,False,semantic_heading_mapped,.igp-block__heading--h2 | .igp-block__heading--h3 | .igp-block__heading--h4,03-visual-proof-local-context.html#reviews-summary:default; 03-visual-proof-local-context.html#reviews-summary:summary; 03-visual-proof-local-context.html#reviews-summary:cards; 03-visual-proof-local-context.html#reviews-summary:compact
reviews_summary,reviews-summary,heading.eyebrow,string,False,field_class_mapped,.igp-block__eyebrow | .igp-pro-block-eyebrow,03-visual-proof-local-context.html#reviews-summary:default; 03-visual-proof-local-context.html#reviews-summary:summary; 03-visual-proof-local-context.html#reviews-summary:cards; 03-visual-proof-local-context.html#reviews-summary:compact
reviews_summary,reviews-summary,heading.visible,boolean,False,semantic_heading_mapped,.igp-block__header | .igp-block__heading,03-visual-proof-local-context.html#reviews-summary:default; 03-visual-proof-local-context.html#reviews-summary:summary; 03-visual-proof-local-context.html#reviews-summary:cards; 03-visual-proof-local-context.html#reviews-summary:compact
reviews_summary,reviews-summary,style,object,False,style_object_mapped,.igp-block--reviews-summary,03-visual-proof-local-context.html#reviews-summary:default; 03-visual-proof-local-context.html#reviews-summary:summary; 03-visual-proof-local-context.html#reviews-summary:cards; 03-visual-proof-local-context.html#reviews-summary:compact
reviews_summary,reviews-summary,style.variant,enum,False,style_class_mapped,.igp-variant--<schema variant>,03-visual-proof-local-context.html#reviews-summary:default; 03-visual-proof-local-context.html#reviews-summary:summary; 03-visual-proof-local-context.html#reviews-summary:cards; 03-visual-proof-local-context.html#reviews-summary:compact
reviews_summary,reviews-summary,style.density,enum,False,style_class_mapped,.igp-density--compact | .igp-density--comfortable | .igp-density--spacious,03-visual-proof-local-context.html#reviews-summary:default; 03-visual-proof-local-context.html#reviews-summary:summary; 03-visual-proof-local-context.html#reviews-summary:cards; 03-visual-proof-local-context.html#reviews-summary:compact
reviews_summary,reviews-summary,style.theme,enum,False,style_class_mapped,.igp-theme--default | .igp-theme--brand | .igp-theme--neutral | .igp-theme--light | .igp-theme--dark | .igp-theme--accent | .igp-theme--muted,03-visual-proof-local-context.html#reviews-summary:default; 03-visual-proof-local-context.html#reviews-summary:summary; 03-visual-proof-local-context.html#reviews-summary:cards; 03-visual-proof-local-context.html#reviews-summary:compact
reviews_summary,reviews-summary,style.container,enum,False,style_class_mapped,.igp-container--narrow | .igp-container--default | .igp-container--wide | .igp-container--full,03-visual-proof-local-context.html#reviews-summary:default; 03-visual-proof-local-context.html#reviews-summary:summary; 03-visual-proof-local-context.html#reviews-summary:cards; 03-visual-proof-local-context.html#reviews-summary:compact
reviews_summary,reviews-summary,style.surface,enum,False,style_class_mapped,.igp-surface--default | .igp-surface--flat | .igp-surface--elevated | .igp-surface--card | .igp-surface--tinted | .igp-surface--transparent,03-visual-proof-local-context.html#reviews-summary:default; 03-visual-proof-local-context.html#reviews-summary:summary; 03-visual-proof-local-context.html#reviews-summary:cards; 03-visual-proof-local-context.html#reviews-summary:compact
reviews_summary,reviews-summary,style.media_position,enum,False,style_class_mapped,.igp-media-position--auto | .igp-media-position--left | .igp-media-position--right | .igp-media-position--top | .igp-media-position--bottom | .igp-media-position--background | .igp-media-position--none,03-visual-proof-local-context.html#reviews-summary:default; 03-visual-proof-local-context.html#reviews-summary:summary; 03-visual-proof-local-context.html#reviews-summary:cards; 03-visual-proof-local-context.html#reviews-summary:compact
reviews_summary,reviews-summary,average_rating,number,False,field_class_mapped,.igp-pro-reviews-summary__rating,03-visual-proof-local-context.html#reviews-summary:default; 03-visual-proof-local-context.html#reviews-summary:summary; 03-visual-proof-local-context.html#reviews-summary:cards; 03-visual-proof-local-context.html#reviews-summary:compact
reviews_summary,reviews-summary,review_count,number,False,field_class_mapped,.igp-pro-reviews-summary__source,03-visual-proof-local-context.html#reviews-summary:default; 03-visual-proof-local-context.html#reviews-summary:summary; 03-visual-proof-local-context.html#reviews-summary:cards; 03-visual-proof-local-context.html#reviews-summary:compact
reviews_summary,reviews-summary,rating_source,string,False,field_class_mapped,.igp-pro-reviews-summary__source,03-visual-proof-local-context.html#reviews-summary:default; 03-visual-proof-local-context.html#reviews-summary:summary; 03-visual-proof-local-context.html#reviews-summary:cards; 03-visual-proof-local-context.html#reviews-summary:compact
reviews_summary,reviews-summary,summary,text,False,field_class_mapped,.igp-pro-reviews-summary__summary,03-visual-proof-local-context.html#reviews-summary:default; 03-visual-proof-local-context.html#reviews-summary:summary; 03-visual-proof-local-context.html#reviews-summary:cards; 03-visual-proof-local-context.html#reviews-summary:compact
reviews_summary,reviews-summary,breakdown,repeater,False,field_class_mapped,.igp-pro-reviews-summary__breakdown,03-visual-proof-local-context.html#reviews-summary:default; 03-visual-proof-local-context.html#reviews-summary:summary; 03-visual-proof-local-context.html#reviews-summary:cards; 03-visual-proof-local-context.html#reviews-summary:compact
reviews_summary,reviews-summary,breakdown[].label,string,True,field_class_mapped,.igp-pro-reviews-summary__breakdown li,03-visual-proof-local-context.html#reviews-summary:default; 03-visual-proof-local-context.html#reviews-summary:summary; 03-visual-proof-local-context.html#reviews-summary:cards; 03-visual-proof-local-context.html#reviews-summary:compact
reviews_summary,reviews-summary,breakdown[].rating,number,False,field_class_mapped,.igp-pro-reviews-summary__breakdown li,03-visual-proof-local-context.html#reviews-summary:default; 03-visual-proof-local-context.html#reviews-summary:summary; 03-visual-proof-local-context.html#reviews-summary:cards; 03-visual-proof-local-context.html#reviews-summary:compact
reviews_summary,reviews-summary,testimonials,repeater,False,field_class_mapped,.igp-pro-reviews-summary__testimonials,03-visual-proof-local-context.html#reviews-summary:default; 03-visual-proof-local-context.html#reviews-summary:summary; 03-visual-proof-local-context.html#reviews-summary:cards; 03-visual-proof-local-context.html#reviews-summary:compact
reviews_summary,reviews-summary,testimonials[].quote,text,True,field_class_mapped,.igp-pro-review-card blockquote,03-visual-proof-local-context.html#reviews-summary:default; 03-visual-proof-local-context.html#reviews-summary:summary; 03-visual-proof-local-context.html#reviews-summary:cards; 03-visual-proof-local-context.html#reviews-summary:compact
reviews_summary,reviews-summary,testimonials[].name,string,False,field_class_mapped,.igp-pro-review-card strong,03-visual-proof-local-context.html#reviews-summary:default; 03-visual-proof-local-context.html#reviews-summary:summary; 03-visual-proof-local-context.html#reviews-summary:cards; 03-visual-proof-local-context.html#reviews-summary:compact
reviews_summary,reviews-summary,testimonials[].location,string,False,field_class_mapped,.igp-pro-review-card span,03-visual-proof-local-context.html#reviews-summary:default; 03-visual-proof-local-context.html#reviews-summary:summary; 03-visual-proof-local-context.html#reviews-summary:cards; 03-visual-proof-local-context.html#reviews-summary:compact
reviews_summary,reviews-summary,testimonials[].rating,number,False,field_class_mapped,.igp-pro-review-card .igp-pro-review-card__rating,03-visual-proof-local-context.html#reviews-summary:default; 03-visual-proof-local-context.html#reviews-summary:summary; 03-visual-proof-local-context.html#reviews-summary:cards; 03-visual-proof-local-context.html#reviews-summary:compact
rich_text,rich-text,heading,object,False,semantic_heading_mapped,.igp-block__header | .igp-block__heading,01-foundation-conversion.html#rich-text:default; 01-foundation-conversion.html#rich-text:article; 01-foundation-conversion.html#rich-text:lead; 01-foundation-conversion.html#rich-text:panel; 01-foundation-conversion.html#rich-text:quote
rich_text,rich-text,heading.text,string,False,field_class_mapped,.igp-block__heading | .igp-pro-block-title,01-foundation-conversion.html#rich-text:default; 01-foundation-conversion.html#rich-text:article; 01-foundation-conversion.html#rich-text:lead; 01-foundation-conversion.html#rich-text:panel; 01-foundation-conversion.html#rich-text:quote
rich_text,rich-text,heading.level,enum,False,semantic_heading_mapped,.igp-block__heading--h2 | .igp-block__heading--h3 | .igp-block__heading--h4,01-foundation-conversion.html#rich-text:default; 01-foundation-conversion.html#rich-text:article; 01-foundation-conversion.html#rich-text:lead; 01-foundation-conversion.html#rich-text:panel; 01-foundation-conversion.html#rich-text:quote
rich_text,rich-text,heading.eyebrow,string,False,field_class_mapped,.igp-block__eyebrow | .igp-pro-block-eyebrow,01-foundation-conversion.html#rich-text:default; 01-foundation-conversion.html#rich-text:article; 01-foundation-conversion.html#rich-text:lead; 01-foundation-conversion.html#rich-text:panel; 01-foundation-conversion.html#rich-text:quote
rich_text,rich-text,heading.visible,boolean,False,semantic_heading_mapped,.igp-block__header | .igp-block__heading,01-foundation-conversion.html#rich-text:default; 01-foundation-conversion.html#rich-text:article; 01-foundation-conversion.html#rich-text:lead; 01-foundation-conversion.html#rich-text:panel; 01-foundation-conversion.html#rich-text:quote
rich_text,rich-text,style,object,False,style_object_mapped,.igp-block--rich-text,01-foundation-conversion.html#rich-text:default; 01-foundation-conversion.html#rich-text:article; 01-foundation-conversion.html#rich-text:lead; 01-foundation-conversion.html#rich-text:panel; 01-foundation-conversion.html#rich-text:quote
rich_text,rich-text,style.variant,enum,False,style_class_mapped,.igp-variant--<schema variant>,01-foundation-conversion.html#rich-text:default; 01-foundation-conversion.html#rich-text:article; 01-foundation-conversion.html#rich-text:lead; 01-foundation-conversion.html#rich-text:panel; 01-foundation-conversion.html#rich-text:quote
rich_text,rich-text,style.density,enum,False,style_class_mapped,.igp-density--compact | .igp-density--comfortable | .igp-density--spacious,01-foundation-conversion.html#rich-text:default; 01-foundation-conversion.html#rich-text:article; 01-foundation-conversion.html#rich-text:lead; 01-foundation-conversion.html#rich-text:panel; 01-foundation-conversion.html#rich-text:quote
rich_text,rich-text,style.theme,enum,False,style_class_mapped,.igp-theme--default | .igp-theme--brand | .igp-theme--neutral | .igp-theme--light | .igp-theme--dark | .igp-theme--accent | .igp-theme--muted,01-foundation-conversion.html#rich-text:default; 01-foundation-conversion.html#rich-text:article; 01-foundation-conversion.html#rich-text:lead; 01-foundation-conversion.html#rich-text:panel; 01-foundation-conversion.html#rich-text:quote
rich_text,rich-text,style.container,enum,False,style_class_mapped,.igp-container--narrow | .igp-container--default | .igp-container--wide | .igp-container--full,01-foundation-conversion.html#rich-text:default; 01-foundation-conversion.html#rich-text:article; 01-foundation-conversion.html#rich-text:lead; 01-foundation-conversion.html#rich-text:panel; 01-foundation-conversion.html#rich-text:quote
rich_text,rich-text,style.surface,enum,False,style_class_mapped,.igp-surface--default | .igp-surface--flat | .igp-surface--elevated | .igp-surface--card | .igp-surface--tinted | .igp-surface--transparent,01-foundation-conversion.html#rich-text:default; 01-foundation-conversion.html#rich-text:article; 01-foundation-conversion.html#rich-text:lead; 01-foundation-conversion.html#rich-text:panel; 01-foundation-conversion.html#rich-text:quote
rich_text,rich-text,style.media_position,enum,False,style_class_mapped,.igp-media-position--auto | .igp-media-position--left | .igp-media-position--right | .igp-media-position--top | .igp-media-position--bottom | .igp-media-position--background | .igp-media-position--none,01-foundation-conversion.html#rich-text:default; 01-foundation-conversion.html#rich-text:article; 01-foundation-conversion.html#rich-text:lead; 01-foundation-conversion.html#rich-text:panel; 01-foundation-conversion.html#rich-text:quote
rich_text,rich-text,content,text,False,field_class_mapped,.igp-pro-rich-text__content,01-foundation-conversion.html#rich-text:default; 01-foundation-conversion.html#rich-text:article; 01-foundation-conversion.html#rich-text:lead; 01-foundation-conversion.html#rich-text:panel; 01-foundation-conversion.html#rich-text:quote
rich_text,rich-text,alignment,enum,False,field_class_mapped,.igp-pro-rich-text--left | .igp-pro-rich-text--center | .igp-pro-rich-text--right,01-foundation-conversion.html#rich-text:default; 01-foundation-conversion.html#rich-text:article; 01-foundation-conversion.html#rich-text:lead; 01-foundation-conversion.html#rich-text:panel; 01-foundation-conversion.html#rich-text:quote
rich_text,rich-text,width,enum,False,field_class_mapped,.igp-pro-rich-text--narrow | .igp-pro-rich-text--default | .igp-pro-rich-text--wide,01-foundation-conversion.html#rich-text:default; 01-foundation-conversion.html#rich-text:article; 01-foundation-conversion.html#rich-text:lead; 01-foundation-conversion.html#rich-text:panel; 01-foundation-conversion.html#rich-text:quote
route_timeline,route-timeline,heading,object,True,semantic_heading_mapped,.igp-block__header | .igp-block__heading,04-journey-logistics.html#route-timeline:default; 04-journey-logistics.html#route-timeline:timeline; 04-journey-logistics.html#route-timeline:cards; 04-journey-logistics.html#route-timeline:compact
route_timeline,route-timeline,heading.text,string,True,field_class_mapped,.igp-block__heading | .igp-pro-block-title,04-journey-logistics.html#route-timeline:default; 04-journey-logistics.html#route-timeline:timeline; 04-journey-logistics.html#route-timeline:cards; 04-journey-logistics.html#route-timeline:compact
route_timeline,route-timeline,heading.level,enum,False,semantic_heading_mapped,.igp-block__heading--h2 | .igp-block__heading--h3 | .igp-block__heading--h4,04-journey-logistics.html#route-timeline:default; 04-journey-logistics.html#route-timeline:timeline; 04-journey-logistics.html#route-timeline:cards; 04-journey-logistics.html#route-timeline:compact
route_timeline,route-timeline,heading.eyebrow,string,False,field_class_mapped,.igp-block__eyebrow | .igp-pro-block-eyebrow,04-journey-logistics.html#route-timeline:default; 04-journey-logistics.html#route-timeline:timeline; 04-journey-logistics.html#route-timeline:cards; 04-journey-logistics.html#route-timeline:compact
route_timeline,route-timeline,heading.visible,boolean,False,semantic_heading_mapped,.igp-block__header | .igp-block__heading,04-journey-logistics.html#route-timeline:default; 04-journey-logistics.html#route-timeline:timeline; 04-journey-logistics.html#route-timeline:cards; 04-journey-logistics.html#route-timeline:compact
route_timeline,route-timeline,style,object,False,style_object_mapped,.igp-block--route-timeline,04-journey-logistics.html#route-timeline:default; 04-journey-logistics.html#route-timeline:timeline; 04-journey-logistics.html#route-timeline:cards; 04-journey-logistics.html#route-timeline:compact
route_timeline,route-timeline,style.variant,enum,False,style_class_mapped,.igp-variant--<schema variant>,04-journey-logistics.html#route-timeline:default; 04-journey-logistics.html#route-timeline:timeline; 04-journey-logistics.html#route-timeline:cards; 04-journey-logistics.html#route-timeline:compact
route_timeline,route-timeline,style.density,enum,False,style_class_mapped,.igp-density--compact | .igp-density--comfortable | .igp-density--spacious,04-journey-logistics.html#route-timeline:default; 04-journey-logistics.html#route-timeline:timeline; 04-journey-logistics.html#route-timeline:cards; 04-journey-logistics.html#route-timeline:compact
route_timeline,route-timeline,style.theme,enum,False,style_class_mapped,.igp-theme--default | .igp-theme--brand | .igp-theme--neutral | .igp-theme--light | .igp-theme--dark | .igp-theme--accent | .igp-theme--muted,04-journey-logistics.html#route-timeline:default; 04-journey-logistics.html#route-timeline:timeline; 04-journey-logistics.html#route-timeline:cards; 04-journey-logistics.html#route-timeline:compact
route_timeline,route-timeline,style.container,enum,False,style_class_mapped,.igp-container--narrow | .igp-container--default | .igp-container--wide | .igp-container--full,04-journey-logistics.html#route-timeline:default; 04-journey-logistics.html#route-timeline:timeline; 04-journey-logistics.html#route-timeline:cards; 04-journey-logistics.html#route-timeline:compact
route_timeline,route-timeline,style.surface,enum,False,style_class_mapped,.igp-surface--default | .igp-surface--flat | .igp-surface--elevated | .igp-surface--card | .igp-surface--tinted | .igp-surface--transparent,04-journey-logistics.html#route-timeline:default; 04-journey-logistics.html#route-timeline:timeline; 04-journey-logistics.html#route-timeline:cards; 04-journey-logistics.html#route-timeline:compact
route_timeline,route-timeline,style.media_position,enum,False,style_class_mapped,.igp-media-position--auto | .igp-media-position--left | .igp-media-position--right | .igp-media-position--top | .igp-media-position--bottom | .igp-media-position--background | .igp-media-position--none,04-journey-logistics.html#route-timeline:default; 04-journey-logistics.html#route-timeline:timeline; 04-journey-logistics.html#route-timeline:cards; 04-journey-logistics.html#route-timeline:compact
route_timeline,route-timeline,intro,text,False,field_class_mapped,.igp-pro-route-timeline__intro,04-journey-logistics.html#route-timeline:default; 04-journey-logistics.html#route-timeline:timeline; 04-journey-logistics.html#route-timeline:cards; 04-journey-logistics.html#route-timeline:compact
route_timeline,route-timeline,stops,repeater,False,field_class_mapped,.igp-pro-route-timeline__list,04-journey-logistics.html#route-timeline:default; 04-journey-logistics.html#route-timeline:timeline; 04-journey-logistics.html#route-timeline:cards; 04-journey-logistics.html#route-timeline:compact
route_timeline,route-timeline,stops[].day,string,False,field_class_mapped,.igp-pro-route-timeline__day,04-journey-logistics.html#route-timeline:default; 04-journey-logistics.html#route-timeline:timeline; 04-journey-logistics.html#route-timeline:cards; 04-journey-logistics.html#route-timeline:compact
route_timeline,route-timeline,stops[].title,string,True,field_class_mapped,.igp-pro-route-timeline__stop h3,04-journey-logistics.html#route-timeline:default; 04-journey-logistics.html#route-timeline:timeline; 04-journey-logistics.html#route-timeline:cards; 04-journey-logistics.html#route-timeline:compact
route_timeline,route-timeline,stops[].location,string,False,field_class_mapped,.igp-pro-route-timeline__meta,04-journey-logistics.html#route-timeline:default; 04-journey-logistics.html#route-timeline:timeline; 04-journey-logistics.html#route-timeline:cards; 04-journey-logistics.html#route-timeline:compact
route_timeline,route-timeline,stops[].duration,string,False,field_class_mapped,.igp-pro-route-timeline__meta,04-journey-logistics.html#route-timeline:default; 04-journey-logistics.html#route-timeline:timeline; 04-journey-logistics.html#route-timeline:cards; 04-journey-logistics.html#route-timeline:compact
route_timeline,route-timeline,stops[].description,text,False,field_class_mapped,.igp-pro-route-timeline__stop p,04-journey-logistics.html#route-timeline:default; 04-journey-logistics.html#route-timeline:timeline; 04-journey-logistics.html#route-timeline:cards; 04-journey-logistics.html#route-timeline:compact
route_timeline,route-timeline,stops[].highlights,repeater,False,field_class_mapped,.igp-pro-route-timeline__stop ul,04-journey-logistics.html#route-timeline:default; 04-journey-logistics.html#route-timeline:timeline; 04-journey-logistics.html#route-timeline:cards; 04-journey-logistics.html#route-timeline:compact
route_timeline,route-timeline,stops[].highlights[].item,string,True,field_class_mapped,.igp-pro-route-timeline__stop li,04-journey-logistics.html#route-timeline:default; 04-journey-logistics.html#route-timeline:timeline; 04-journey-logistics.html#route-timeline:cards; 04-journey-logistics.html#route-timeline:compact
section,section-wrapper,heading,object,False,semantic_heading_mapped,.igp-block__header | .igp-block__heading,01-foundation-conversion.html#section-wrapper:default; 01-foundation-conversion.html#section-wrapper:band; 01-foundation-conversion.html#section-wrapper:split; 01-foundation-conversion.html#section-wrapper:grid
section,section-wrapper,heading.text,string,False,field_class_mapped,.igp-block__heading | .igp-pro-block-title,01-foundation-conversion.html#section-wrapper:default; 01-foundation-conversion.html#section-wrapper:band; 01-foundation-conversion.html#section-wrapper:split; 01-foundation-conversion.html#section-wrapper:grid
section,section-wrapper,heading.level,enum,False,semantic_heading_mapped,.igp-block__heading--h2 | .igp-block__heading--h3 | .igp-block__heading--h4,01-foundation-conversion.html#section-wrapper:default; 01-foundation-conversion.html#section-wrapper:band; 01-foundation-conversion.html#section-wrapper:split; 01-foundation-conversion.html#section-wrapper:grid
section,section-wrapper,heading.eyebrow,string,False,field_class_mapped,.igp-block__eyebrow | .igp-pro-block-eyebrow,01-foundation-conversion.html#section-wrapper:default; 01-foundation-conversion.html#section-wrapper:band; 01-foundation-conversion.html#section-wrapper:split; 01-foundation-conversion.html#section-wrapper:grid
section,section-wrapper,heading.visible,boolean,False,semantic_heading_mapped,.igp-block__header | .igp-block__heading,01-foundation-conversion.html#section-wrapper:default; 01-foundation-conversion.html#section-wrapper:band; 01-foundation-conversion.html#section-wrapper:split; 01-foundation-conversion.html#section-wrapper:grid
section,section-wrapper,style,object,False,style_object_mapped,.igp-block--section,01-foundation-conversion.html#section-wrapper:default; 01-foundation-conversion.html#section-wrapper:band; 01-foundation-conversion.html#section-wrapper:split; 01-foundation-conversion.html#section-wrapper:grid
section,section-wrapper,style.variant,enum,False,style_class_mapped,.igp-variant--<schema variant>,01-foundation-conversion.html#section-wrapper:default; 01-foundation-conversion.html#section-wrapper:band; 01-foundation-conversion.html#section-wrapper:split; 01-foundation-conversion.html#section-wrapper:grid
section,section-wrapper,style.density,enum,False,style_class_mapped,.igp-density--compact | .igp-density--comfortable | .igp-density--spacious,01-foundation-conversion.html#section-wrapper:default; 01-foundation-conversion.html#section-wrapper:band; 01-foundation-conversion.html#section-wrapper:split; 01-foundation-conversion.html#section-wrapper:grid
section,section-wrapper,style.theme,enum,False,style_class_mapped,.igp-theme--default | .igp-theme--brand | .igp-theme--neutral | .igp-theme--light | .igp-theme--dark | .igp-theme--accent | .igp-theme--muted,01-foundation-conversion.html#section-wrapper:default; 01-foundation-conversion.html#section-wrapper:band; 01-foundation-conversion.html#section-wrapper:split; 01-foundation-conversion.html#section-wrapper:grid
section,section-wrapper,style.container,enum,False,style_class_mapped,.igp-container--narrow | .igp-container--default | .igp-container--wide | .igp-container--full,01-foundation-conversion.html#section-wrapper:default; 01-foundation-conversion.html#section-wrapper:band; 01-foundation-conversion.html#section-wrapper:split; 01-foundation-conversion.html#section-wrapper:grid
section,section-wrapper,style.surface,enum,False,style_class_mapped,.igp-surface--default | .igp-surface--flat | .igp-surface--elevated | .igp-surface--card | .igp-surface--tinted | .igp-surface--transparent,01-foundation-conversion.html#section-wrapper:default; 01-foundation-conversion.html#section-wrapper:band; 01-foundation-conversion.html#section-wrapper:split; 01-foundation-conversion.html#section-wrapper:grid
section,section-wrapper,style.media_position,enum,False,style_class_mapped,.igp-media-position--auto | .igp-media-position--left | .igp-media-position--right | .igp-media-position--top | .igp-media-position--bottom | .igp-media-position--background | .igp-media-position--none,01-foundation-conversion.html#section-wrapper:default; 01-foundation-conversion.html#section-wrapper:band; 01-foundation-conversion.html#section-wrapper:split; 01-foundation-conversion.html#section-wrapper:grid
section,section-wrapper,description,text,False,field_class_mapped,.igp-pro-section__description,01-foundation-conversion.html#section-wrapper:default; 01-foundation-conversion.html#section-wrapper:band; 01-foundation-conversion.html#section-wrapper:split; 01-foundation-conversion.html#section-wrapper:grid
section,section-wrapper,layout,enum,False,field_class_mapped,.igp-pro-section--layout-grid | .igp-pro-section--layout-split,01-foundation-conversion.html#section-wrapper:default; 01-foundation-conversion.html#section-wrapper:band; 01-foundation-conversion.html#section-wrapper:split; 01-foundation-conversion.html#section-wrapper:grid
section,section-wrapper,columns,number,False,field_class_mapped,.igp-pro-section--columns-2 | .igp-pro-section--columns-3 | .igp-pro-section--columns-4,01-foundation-conversion.html#section-wrapper:default; 01-foundation-conversion.html#section-wrapper:band; 01-foundation-conversion.html#section-wrapper:split; 01-foundation-conversion.html#section-wrapper:grid
section,section-wrapper,spacing,enum,False,field_class_mapped,.igp-pro-section--spacing-compact | .igp-pro-section--spacing-comfortable | .igp-pro-section--spacing-spacious,01-foundation-conversion.html#section-wrapper:default; 01-foundation-conversion.html#section-wrapper:band; 01-foundation-conversion.html#section-wrapper:split; 01-foundation-conversion.html#section-wrapper:grid
section,section-wrapper,align,enum,False,field_class_mapped,.igp-pro-section--align-left | .igp-pro-section--align-center | .igp-pro-section--align-right,01-foundation-conversion.html#section-wrapper:default; 01-foundation-conversion.html#section-wrapper:band; 01-foundation-conversion.html#section-wrapper:split; 01-foundation-conversion.html#section-wrapper:grid
section,section-wrapper,background,enum,False,field_class_mapped,.igp-pro-section--bg-default | .igp-pro-section--bg-soft | .igp-pro-section--bg-dark,01-foundation-conversion.html#section-wrapper:default; 01-foundation-conversion.html#section-wrapper:band; 01-foundation-conversion.html#section-wrapper:split; 01-foundation-conversion.html#section-wrapper:grid
stats,stats,heading,object,False,semantic_heading_mapped,.igp-block__header | .igp-block__heading,06-interactive-utility.html#stats:default; 06-interactive-utility.html#stats:grid; 06-interactive-utility.html#stats:strip; 06-interactive-utility.html#stats:cards
stats,stats,heading.text,string,False,field_class_mapped,.igp-block__heading | .igp-pro-block-title,06-interactive-utility.html#stats:default; 06-interactive-utility.html#stats:grid; 06-interactive-utility.html#stats:strip; 06-interactive-utility.html#stats:cards
stats,stats,heading.level,enum,False,semantic_heading_mapped,.igp-block__heading--h2 | .igp-block__heading--h3 | .igp-block__heading--h4,06-interactive-utility.html#stats:default; 06-interactive-utility.html#stats:grid; 06-interactive-utility.html#stats:strip; 06-interactive-utility.html#stats:cards
stats,stats,heading.eyebrow,string,False,field_class_mapped,.igp-block__eyebrow | .igp-pro-block-eyebrow,06-interactive-utility.html#stats:default; 06-interactive-utility.html#stats:grid; 06-interactive-utility.html#stats:strip; 06-interactive-utility.html#stats:cards
stats,stats,heading.visible,boolean,False,semantic_heading_mapped,.igp-block__header | .igp-block__heading,06-interactive-utility.html#stats:default; 06-interactive-utility.html#stats:grid; 06-interactive-utility.html#stats:strip; 06-interactive-utility.html#stats:cards
stats,stats,style,object,False,style_object_mapped,.igp-block--stats,06-interactive-utility.html#stats:default; 06-interactive-utility.html#stats:grid; 06-interactive-utility.html#stats:strip; 06-interactive-utility.html#stats:cards
stats,stats,style.variant,enum,False,style_class_mapped,.igp-variant--<schema variant>,06-interactive-utility.html#stats:default; 06-interactive-utility.html#stats:grid; 06-interactive-utility.html#stats:strip; 06-interactive-utility.html#stats:cards
stats,stats,style.density,enum,False,style_class_mapped,.igp-density--compact | .igp-density--comfortable | .igp-density--spacious,06-interactive-utility.html#stats:default; 06-interactive-utility.html#stats:grid; 06-interactive-utility.html#stats:strip; 06-interactive-utility.html#stats:cards
stats,stats,style.theme,enum,False,style_class_mapped,.igp-theme--default | .igp-theme--brand | .igp-theme--neutral | .igp-theme--light | .igp-theme--dark | .igp-theme--accent | .igp-theme--muted,06-interactive-utility.html#stats:default; 06-interactive-utility.html#stats:grid; 06-interactive-utility.html#stats:strip; 06-interactive-utility.html#stats:cards
stats,stats,style.container,enum,False,style_class_mapped,.igp-container--narrow | .igp-container--default | .igp-container--wide | .igp-container--full,06-interactive-utility.html#stats:default; 06-interactive-utility.html#stats:grid; 06-interactive-utility.html#stats:strip; 06-interactive-utility.html#stats:cards
stats,stats,style.surface,enum,False,style_class_mapped,.igp-surface--default | .igp-surface--flat | .igp-surface--elevated | .igp-surface--card | .igp-surface--tinted | .igp-surface--transparent,06-interactive-utility.html#stats:default; 06-interactive-utility.html#stats:grid; 06-interactive-utility.html#stats:strip; 06-interactive-utility.html#stats:cards
stats,stats,style.media_position,enum,False,style_class_mapped,.igp-media-position--auto | .igp-media-position--left | .igp-media-position--right | .igp-media-position--top | .igp-media-position--bottom | .igp-media-position--background | .igp-media-position--none,06-interactive-utility.html#stats:default; 06-interactive-utility.html#stats:grid; 06-interactive-utility.html#stats:strip; 06-interactive-utility.html#stats:cards
stats,stats,items,repeater,False,field_class_mapped,.igp-pro-stats__items,06-interactive-utility.html#stats:default; 06-interactive-utility.html#stats:grid; 06-interactive-utility.html#stats:strip; 06-interactive-utility.html#stats:cards
stats,stats,items[].value,string,False,field_class_mapped,.igp-pro-stats__value,06-interactive-utility.html#stats:default; 06-interactive-utility.html#stats:grid; 06-interactive-utility.html#stats:strip; 06-interactive-utility.html#stats:cards
stats,stats,items[].label,string,False,field_class_mapped,.igp-pro-stats__label,06-interactive-utility.html#stats:default; 06-interactive-utility.html#stats:grid; 06-interactive-utility.html#stats:strip; 06-interactive-utility.html#stats:cards
stats,stats,items[].description,text,False,field_class_mapped,.igp-pro-stats__description,06-interactive-utility.html#stats:default; 06-interactive-utility.html#stats:grid; 06-interactive-utility.html#stats:strip; 06-interactive-utility.html#stats:cards
stats,stats,columns,number,False,field_class_mapped,.igp-pro-stats--columns-2 | .igp-pro-stats--columns-3 | .igp-pro-stats--columns-4,06-interactive-utility.html#stats:default; 06-interactive-utility.html#stats:grid; 06-interactive-utility.html#stats:strip; 06-interactive-utility.html#stats:cards
sticky_booking_cta,sticky-booking-cta,heading,object,True,semantic_heading_mapped,.igp-block__header | .igp-block__heading,05-pricing-location-booking.html#sticky-booking-cta:default; 05-pricing-location-booking.html#sticky-booking-cta:bottom-bar; 05-pricing-location-booking.html#sticky-booking-cta:side-card; 05-pricing-location-booking.html#sticky-booking-cta:inline
sticky_booking_cta,sticky-booking-cta,heading.text,string,True,field_class_mapped,.igp-block__heading | .igp-pro-block-title,05-pricing-location-booking.html#sticky-booking-cta:default; 05-pricing-location-booking.html#sticky-booking-cta:bottom-bar; 05-pricing-location-booking.html#sticky-booking-cta:side-card; 05-pricing-location-booking.html#sticky-booking-cta:inline
sticky_booking_cta,sticky-booking-cta,heading.level,enum,False,semantic_heading_mapped,.igp-block__heading--h2 | .igp-block__heading--h3 | .igp-block__heading--h4,05-pricing-location-booking.html#sticky-booking-cta:default; 05-pricing-location-booking.html#sticky-booking-cta:bottom-bar; 05-pricing-location-booking.html#sticky-booking-cta:side-card; 05-pricing-location-booking.html#sticky-booking-cta:inline
sticky_booking_cta,sticky-booking-cta,heading.eyebrow,string,False,field_class_mapped,.igp-block__eyebrow | .igp-pro-block-eyebrow,05-pricing-location-booking.html#sticky-booking-cta:default; 05-pricing-location-booking.html#sticky-booking-cta:bottom-bar; 05-pricing-location-booking.html#sticky-booking-cta:side-card; 05-pricing-location-booking.html#sticky-booking-cta:inline
sticky_booking_cta,sticky-booking-cta,heading.visible,boolean,False,semantic_heading_mapped,.igp-block__header | .igp-block__heading,05-pricing-location-booking.html#sticky-booking-cta:default; 05-pricing-location-booking.html#sticky-booking-cta:bottom-bar; 05-pricing-location-booking.html#sticky-booking-cta:side-card; 05-pricing-location-booking.html#sticky-booking-cta:inline
sticky_booking_cta,sticky-booking-cta,style,object,False,style_object_mapped,.igp-block--sticky-booking-cta,05-pricing-location-booking.html#sticky-booking-cta:default; 05-pricing-location-booking.html#sticky-booking-cta:bottom-bar; 05-pricing-location-booking.html#sticky-booking-cta:side-card; 05-pricing-location-booking.html#sticky-booking-cta:inline
sticky_booking_cta,sticky-booking-cta,style.variant,enum,False,style_class_mapped,.igp-variant--<schema variant>,05-pricing-location-booking.html#sticky-booking-cta:default; 05-pricing-location-booking.html#sticky-booking-cta:bottom-bar; 05-pricing-location-booking.html#sticky-booking-cta:side-card; 05-pricing-location-booking.html#sticky-booking-cta:inline
sticky_booking_cta,sticky-booking-cta,style.density,enum,False,style_class_mapped,.igp-density--compact | .igp-density--comfortable | .igp-density--spacious,05-pricing-location-booking.html#sticky-booking-cta:default; 05-pricing-location-booking.html#sticky-booking-cta:bottom-bar; 05-pricing-location-booking.html#sticky-booking-cta:side-card; 05-pricing-location-booking.html#sticky-booking-cta:inline
sticky_booking_cta,sticky-booking-cta,style.theme,enum,False,style_class_mapped,.igp-theme--default | .igp-theme--brand | .igp-theme--neutral | .igp-theme--light | .igp-theme--dark | .igp-theme--accent | .igp-theme--muted,05-pricing-location-booking.html#sticky-booking-cta:default; 05-pricing-location-booking.html#sticky-booking-cta:bottom-bar; 05-pricing-location-booking.html#sticky-booking-cta:side-card; 05-pricing-location-booking.html#sticky-booking-cta:inline
sticky_booking_cta,sticky-booking-cta,style.container,enum,False,style_class_mapped,.igp-container--narrow | .igp-container--default | .igp-container--wide | .igp-container--full,05-pricing-location-booking.html#sticky-booking-cta:default; 05-pricing-location-booking.html#sticky-booking-cta:bottom-bar; 05-pricing-location-booking.html#sticky-booking-cta:side-card; 05-pricing-location-booking.html#sticky-booking-cta:inline
sticky_booking_cta,sticky-booking-cta,style.surface,enum,False,style_class_mapped,.igp-surface--default | .igp-surface--flat | .igp-surface--elevated | .igp-surface--card | .igp-surface--tinted | .igp-surface--transparent,05-pricing-location-booking.html#sticky-booking-cta:default; 05-pricing-location-booking.html#sticky-booking-cta:bottom-bar; 05-pricing-location-booking.html#sticky-booking-cta:side-card; 05-pricing-location-booking.html#sticky-booking-cta:inline
sticky_booking_cta,sticky-booking-cta,style.media_position,enum,False,style_class_mapped,.igp-media-position--auto | .igp-media-position--left | .igp-media-position--right | .igp-media-position--top | .igp-media-position--bottom | .igp-media-position--background | .igp-media-position--none,05-pricing-location-booking.html#sticky-booking-cta:default; 05-pricing-location-booking.html#sticky-booking-cta:bottom-bar; 05-pricing-location-booking.html#sticky-booking-cta:side-card; 05-pricing-location-booking.html#sticky-booking-cta:inline
sticky_booking_cta,sticky-booking-cta,description,text,False,field_class_mapped,.igp-pro-sticky-booking-cta__content p,05-pricing-location-booking.html#sticky-booking-cta:default; 05-pricing-location-booking.html#sticky-booking-cta:bottom-bar; 05-pricing-location-booking.html#sticky-booking-cta:side-card; 05-pricing-location-booking.html#sticky-booking-cta:inline
sticky_booking_cta,sticky-booking-cta,price_from,string,False,field_class_mapped,.igp-pro-sticky-booking-cta__price,05-pricing-location-booking.html#sticky-booking-cta:default; 05-pricing-location-booking.html#sticky-booking-cta:bottom-bar; 05-pricing-location-booking.html#sticky-booking-cta:side-card; 05-pricing-location-booking.html#sticky-booking-cta:inline
sticky_booking_cta,sticky-booking-cta,currency,string,False,field_class_mapped,.igp-pro-sticky-booking-cta__price,05-pricing-location-booking.html#sticky-booking-cta:default; 05-pricing-location-booking.html#sticky-booking-cta:bottom-bar; 05-pricing-location-booking.html#sticky-booking-cta:side-card; 05-pricing-location-booking.html#sticky-booking-cta:inline
sticky_booking_cta,sticky-booking-cta,primary_label,string,False,field_class_mapped,.igp-pro-sticky-booking-cta__actions .igp-pro-button:not(.igp-pro-button--secondary),05-pricing-location-booking.html#sticky-booking-cta:default; 05-pricing-location-booking.html#sticky-booking-cta:bottom-bar; 05-pricing-location-booking.html#sticky-booking-cta:side-card; 05-pricing-location-booking.html#sticky-booking-cta:inline
sticky_booking_cta,sticky-booking-cta,primary_url,string,False,field_class_mapped,.igp-pro-sticky-booking-cta__actions .igp-pro-button:not(.igp-pro-button--secondary),05-pricing-location-booking.html#sticky-booking-cta:default; 05-pricing-location-booking.html#sticky-booking-cta:bottom-bar; 05-pricing-location-booking.html#sticky-booking-cta:side-card; 05-pricing-location-booking.html#sticky-booking-cta:inline
sticky_booking_cta,sticky-booking-cta,secondary_label,string,False,field_class_mapped,.igp-pro-sticky-booking-cta__actions .igp-pro-button--secondary,05-pricing-location-booking.html#sticky-booking-cta:default; 05-pricing-location-booking.html#sticky-booking-cta:bottom-bar; 05-pricing-location-booking.html#sticky-booking-cta:side-card; 05-pricing-location-booking.html#sticky-booking-cta:inline
sticky_booking_cta,sticky-booking-cta,secondary_url,string,False,field_class_mapped,.igp-pro-sticky-booking-cta__actions .igp-pro-button--secondary,05-pricing-location-booking.html#sticky-booking-cta:default; 05-pricing-location-booking.html#sticky-booking-cta:bottom-bar; 05-pricing-location-booking.html#sticky-booking-cta:side-card; 05-pricing-location-booking.html#sticky-booking-cta:inline
sticky_booking_cta,sticky-booking-cta,phone_label,string,False,field_class_mapped,.igp-pro-sticky-booking-cta__actions .igp-pro-text-link,05-pricing-location-booking.html#sticky-booking-cta:default; 05-pricing-location-booking.html#sticky-booking-cta:bottom-bar; 05-pricing-location-booking.html#sticky-booking-cta:side-card; 05-pricing-location-booking.html#sticky-booking-cta:inline
sticky_booking_cta,sticky-booking-cta,phone_url,string,False,field_class_mapped,.igp-pro-sticky-booking-cta__actions .igp-pro-text-link,05-pricing-location-booking.html#sticky-booking-cta:default; 05-pricing-location-booking.html#sticky-booking-cta:bottom-bar; 05-pricing-location-booking.html#sticky-booking-cta:side-card; 05-pricing-location-booking.html#sticky-booking-cta:inline
sticky_booking_cta,sticky-booking-cta,note,string,False,field_class_mapped,.igp-pro-sticky-booking-cta__note,05-pricing-location-booking.html#sticky-booking-cta:default; 05-pricing-location-booking.html#sticky-booking-cta:bottom-bar; 05-pricing-location-booking.html#sticky-booking-cta:side-card; 05-pricing-location-booking.html#sticky-booking-cta:inline
sticky_booking_cta,sticky-booking-cta,cta_title,string,False,field_class_mapped,.igp-pro-sticky-booking-cta__title,05-pricing-location-booking.html#sticky-booking-cta:default; 05-pricing-location-booking.html#sticky-booking-cta:bottom-bar; 05-pricing-location-booking.html#sticky-booking-cta:side-card; 05-pricing-location-booking.html#sticky-booking-cta:inline
tabs,tabs,heading,object,False,semantic_heading_mapped,.igp-block__header | .igp-block__heading,06-interactive-utility.html#tabs:default; 06-interactive-utility.html#tabs:pills; 06-interactive-utility.html#tabs:underline; 06-interactive-utility.html#tabs:boxed
tabs,tabs,heading.text,string,False,field_class_mapped,.igp-block__heading | .igp-pro-block-title,06-interactive-utility.html#tabs:default; 06-interactive-utility.html#tabs:pills; 06-interactive-utility.html#tabs:underline; 06-interactive-utility.html#tabs:boxed
tabs,tabs,heading.level,enum,False,semantic_heading_mapped,.igp-block__heading--h2 | .igp-block__heading--h3 | .igp-block__heading--h4,06-interactive-utility.html#tabs:default; 06-interactive-utility.html#tabs:pills; 06-interactive-utility.html#tabs:underline; 06-interactive-utility.html#tabs:boxed
tabs,tabs,heading.eyebrow,string,False,field_class_mapped,.igp-block__eyebrow | .igp-pro-block-eyebrow,06-interactive-utility.html#tabs:default; 06-interactive-utility.html#tabs:pills; 06-interactive-utility.html#tabs:underline; 06-interactive-utility.html#tabs:boxed
tabs,tabs,heading.visible,boolean,False,semantic_heading_mapped,.igp-block__header | .igp-block__heading,06-interactive-utility.html#tabs:default; 06-interactive-utility.html#tabs:pills; 06-interactive-utility.html#tabs:underline; 06-interactive-utility.html#tabs:boxed
tabs,tabs,style,object,False,style_object_mapped,.igp-block--tabs,06-interactive-utility.html#tabs:default; 06-interactive-utility.html#tabs:pills; 06-interactive-utility.html#tabs:underline; 06-interactive-utility.html#tabs:boxed
tabs,tabs,style.variant,enum,False,style_class_mapped,.igp-variant--<schema variant>,06-interactive-utility.html#tabs:default; 06-interactive-utility.html#tabs:pills; 06-interactive-utility.html#tabs:underline; 06-interactive-utility.html#tabs:boxed
tabs,tabs,style.density,enum,False,style_class_mapped,.igp-density--compact | .igp-density--comfortable | .igp-density--spacious,06-interactive-utility.html#tabs:default; 06-interactive-utility.html#tabs:pills; 06-interactive-utility.html#tabs:underline; 06-interactive-utility.html#tabs:boxed
tabs,tabs,style.theme,enum,False,style_class_mapped,.igp-theme--default | .igp-theme--brand | .igp-theme--neutral | .igp-theme--light | .igp-theme--dark | .igp-theme--accent | .igp-theme--muted,06-interactive-utility.html#tabs:default; 06-interactive-utility.html#tabs:pills; 06-interactive-utility.html#tabs:underline; 06-interactive-utility.html#tabs:boxed
tabs,tabs,style.container,enum,False,style_class_mapped,.igp-container--narrow | .igp-container--default | .igp-container--wide | .igp-container--full,06-interactive-utility.html#tabs:default; 06-interactive-utility.html#tabs:pills; 06-interactive-utility.html#tabs:underline; 06-interactive-utility.html#tabs:boxed
tabs,tabs,style.surface,enum,False,style_class_mapped,.igp-surface--default | .igp-surface--flat | .igp-surface--elevated | .igp-surface--card | .igp-surface--tinted | .igp-surface--transparent,06-interactive-utility.html#tabs:default; 06-interactive-utility.html#tabs:pills; 06-interactive-utility.html#tabs:underline; 06-interactive-utility.html#tabs:boxed
tabs,tabs,style.media_position,enum,False,style_class_mapped,.igp-media-position--auto | .igp-media-position--left | .igp-media-position--right | .igp-media-position--top | .igp-media-position--bottom | .igp-media-position--background | .igp-media-position--none,06-interactive-utility.html#tabs:default; 06-interactive-utility.html#tabs:pills; 06-interactive-utility.html#tabs:underline; 06-interactive-utility.html#tabs:boxed
tabs,tabs,items,repeater,False,field_class_mapped,.igp-pro-tabs__nav | .igp-pro-tabs__panels,06-interactive-utility.html#tabs:default; 06-interactive-utility.html#tabs:pills; 06-interactive-utility.html#tabs:underline; 06-interactive-utility.html#tabs:boxed
tabs,tabs,items[].tab_title,string,False,field_class_mapped,.igp-pro-tabs__tab,06-interactive-utility.html#tabs:default; 06-interactive-utility.html#tabs:pills; 06-interactive-utility.html#tabs:underline; 06-interactive-utility.html#tabs:boxed
tabs,tabs,items[].content,text,False,field_class_mapped,.igp-pro-tabs__panel,06-interactive-utility.html#tabs:default; 06-interactive-utility.html#tabs:pills; 06-interactive-utility.html#tabs:underline; 06-interactive-utility.html#tabs:boxed
tour_cards,tour-cards,heading,object,False,semantic_heading_mapped,.igp-block__header | .igp-block__heading,02-listing-card-systems.html#tour-cards:default; 02-listing-card-systems.html#tour-cards:grid; 02-listing-card-systems.html#tour-cards:carousel-safe; 02-listing-card-systems.html#tour-cards:list; 02-listing-card-systems.html#tour-cards:featured
tour_cards,tour-cards,heading.text,string,False,field_class_mapped,.igp-block__heading | .igp-pro-block-title,02-listing-card-systems.html#tour-cards:default; 02-listing-card-systems.html#tour-cards:grid; 02-listing-card-systems.html#tour-cards:carousel-safe; 02-listing-card-systems.html#tour-cards:list; 02-listing-card-systems.html#tour-cards:featured
tour_cards,tour-cards,heading.level,enum,False,semantic_heading_mapped,.igp-block__heading--h2 | .igp-block__heading--h3 | .igp-block__heading--h4,02-listing-card-systems.html#tour-cards:default; 02-listing-card-systems.html#tour-cards:grid; 02-listing-card-systems.html#tour-cards:carousel-safe; 02-listing-card-systems.html#tour-cards:list; 02-listing-card-systems.html#tour-cards:featured
tour_cards,tour-cards,heading.eyebrow,string,False,field_class_mapped,.igp-block__eyebrow | .igp-pro-block-eyebrow,02-listing-card-systems.html#tour-cards:default; 02-listing-card-systems.html#tour-cards:grid; 02-listing-card-systems.html#tour-cards:carousel-safe; 02-listing-card-systems.html#tour-cards:list; 02-listing-card-systems.html#tour-cards:featured
tour_cards,tour-cards,heading.visible,boolean,False,semantic_heading_mapped,.igp-block__header | .igp-block__heading,02-listing-card-systems.html#tour-cards:default; 02-listing-card-systems.html#tour-cards:grid; 02-listing-card-systems.html#tour-cards:carousel-safe; 02-listing-card-systems.html#tour-cards:list; 02-listing-card-systems.html#tour-cards:featured
tour_cards,tour-cards,style,object,False,style_object_mapped,.igp-block--tour-cards,02-listing-card-systems.html#tour-cards:default; 02-listing-card-systems.html#tour-cards:grid; 02-listing-card-systems.html#tour-cards:carousel-safe; 02-listing-card-systems.html#tour-cards:list; 02-listing-card-systems.html#tour-cards:featured
tour_cards,tour-cards,style.variant,enum,False,style_class_mapped,.igp-variant--<schema variant>,02-listing-card-systems.html#tour-cards:default; 02-listing-card-systems.html#tour-cards:grid; 02-listing-card-systems.html#tour-cards:carousel-safe; 02-listing-card-systems.html#tour-cards:list; 02-listing-card-systems.html#tour-cards:featured
tour_cards,tour-cards,style.density,enum,False,style_class_mapped,.igp-density--compact | .igp-density--comfortable | .igp-density--spacious,02-listing-card-systems.html#tour-cards:default; 02-listing-card-systems.html#tour-cards:grid; 02-listing-card-systems.html#tour-cards:carousel-safe; 02-listing-card-systems.html#tour-cards:list; 02-listing-card-systems.html#tour-cards:featured
tour_cards,tour-cards,style.theme,enum,False,style_class_mapped,.igp-theme--default | .igp-theme--brand | .igp-theme--neutral | .igp-theme--light | .igp-theme--dark | .igp-theme--accent | .igp-theme--muted,02-listing-card-systems.html#tour-cards:default; 02-listing-card-systems.html#tour-cards:grid; 02-listing-card-systems.html#tour-cards:carousel-safe; 02-listing-card-systems.html#tour-cards:list; 02-listing-card-systems.html#tour-cards:featured
tour_cards,tour-cards,style.container,enum,False,style_class_mapped,.igp-container--narrow | .igp-container--default | .igp-container--wide | .igp-container--full,02-listing-card-systems.html#tour-cards:default; 02-listing-card-systems.html#tour-cards:grid; 02-listing-card-systems.html#tour-cards:carousel-safe; 02-listing-card-systems.html#tour-cards:list; 02-listing-card-systems.html#tour-cards:featured
tour_cards,tour-cards,style.surface,enum,False,style_class_mapped,.igp-surface--default | .igp-surface--flat | .igp-surface--elevated | .igp-surface--card | .igp-surface--tinted | .igp-surface--transparent,02-listing-card-systems.html#tour-cards:default; 02-listing-card-systems.html#tour-cards:grid; 02-listing-card-systems.html#tour-cards:carousel-safe; 02-listing-card-systems.html#tour-cards:list; 02-listing-card-systems.html#tour-cards:featured
tour_cards,tour-cards,style.media_position,enum,False,style_class_mapped,.igp-media-position--auto | .igp-media-position--left | .igp-media-position--right | .igp-media-position--top | .igp-media-position--bottom | .igp-media-position--background | .igp-media-position--none,02-listing-card-systems.html#tour-cards:default; 02-listing-card-systems.html#tour-cards:grid; 02-listing-card-systems.html#tour-cards:carousel-safe; 02-listing-card-systems.html#tour-cards:list; 02-listing-card-systems.html#tour-cards:featured
tour_cards,tour-cards,description,text,False,field_class_mapped,.igp-pro-block-description,02-listing-card-systems.html#tour-cards:default; 02-listing-card-systems.html#tour-cards:grid; 02-listing-card-systems.html#tour-cards:carousel-safe; 02-listing-card-systems.html#tour-cards:list; 02-listing-card-systems.html#tour-cards:featured
tour_cards,tour-cards,source,enum,False,field_class_mapped,.igp-pro-card-grid,02-listing-card-systems.html#tour-cards:default; 02-listing-card-systems.html#tour-cards:grid; 02-listing-card-systems.html#tour-cards:carousel-safe; 02-listing-card-systems.html#tour-cards:list; 02-listing-card-systems.html#tour-cards:featured
tour_cards,tour-cards,items,relationship,False,field_class_mapped,.igp-pro-card,02-listing-card-systems.html#tour-cards:default; 02-listing-card-systems.html#tour-cards:grid; 02-listing-card-systems.html#tour-cards:carousel-safe; 02-listing-card-systems.html#tour-cards:list; 02-listing-card-systems.html#tour-cards:featured
tour_cards,tour-cards,destination,relationship,False,field_class_mapped,.igp-pro-card-grid,02-listing-card-systems.html#tour-cards:default; 02-listing-card-systems.html#tour-cards:grid; 02-listing-card-systems.html#tour-cards:carousel-safe; 02-listing-card-systems.html#tour-cards:list; 02-listing-card-systems.html#tour-cards:featured
tour_cards,tour-cards,layout,enum,False,field_class_mapped,.igp-pro-card-grid--grid | .igp-pro-card-grid--slider | .igp-pro-card-grid--list,02-listing-card-systems.html#tour-cards:default; 02-listing-card-systems.html#tour-cards:grid; 02-listing-card-systems.html#tour-cards:carousel-safe; 02-listing-card-systems.html#tour-cards:list; 02-listing-card-systems.html#tour-cards:featured
tour_cards,tour-cards,columns,number,False,field_class_mapped,.igp-pro-card-grid,02-listing-card-systems.html#tour-cards:default; 02-listing-card-systems.html#tour-cards:grid; 02-listing-card-systems.html#tour-cards:carousel-safe; 02-listing-card-systems.html#tour-cards:list; 02-listing-card-systems.html#tour-cards:featured
tour_cards,tour-cards,limit,number,False,field_class_mapped,.igp-pro-card-grid,02-listing-card-systems.html#tour-cards:default; 02-listing-card-systems.html#tour-cards:grid; 02-listing-card-systems.html#tour-cards:carousel-safe; 02-listing-card-systems.html#tour-cards:list; 02-listing-card-systems.html#tour-cards:featured
tour_cards,tour-cards,show_price,boolean,False,field_class_mapped,.igp-pro-card__price,02-listing-card-systems.html#tour-cards:default; 02-listing-card-systems.html#tour-cards:grid; 02-listing-card-systems.html#tour-cards:carousel-safe; 02-listing-card-systems.html#tour-cards:list; 02-listing-card-systems.html#tour-cards:featured
tour_cards,tour-cards,show_rating,boolean,False,field_class_mapped,.igp-pro-card__rating,02-listing-card-systems.html#tour-cards:default; 02-listing-card-systems.html#tour-cards:grid; 02-listing-card-systems.html#tour-cards:carousel-safe; 02-listing-card-systems.html#tour-cards:list; 02-listing-card-systems.html#tour-cards:featured
tour_cards,tour-cards,show_excerpt,boolean,False,field_class_mapped,.igp-pro-card__excerpt,02-listing-card-systems.html#tour-cards:default; 02-listing-card-systems.html#tour-cards:grid; 02-listing-card-systems.html#tour-cards:carousel-safe; 02-listing-card-systems.html#tour-cards:list; 02-listing-card-systems.html#tour-cards:featured
tour_cards,tour-cards,show_meta,boolean,False,field_class_mapped,.igp-pro-card__meta,02-listing-card-systems.html#tour-cards:default; 02-listing-card-systems.html#tour-cards:grid; 02-listing-card-systems.html#tour-cards:carousel-safe; 02-listing-card-systems.html#tour-cards:list; 02-listing-card-systems.html#tour-cards:featured
tour_cards,tour-cards,cta_label,string,False,field_class_mapped,.igp-pro-card__cta,02-listing-card-systems.html#tour-cards:default; 02-listing-card-systems.html#tour-cards:grid; 02-listing-card-systems.html#tour-cards:carousel-safe; 02-listing-card-systems.html#tour-cards:list; 02-listing-card-systems.html#tour-cards:featured
tour_cards,tour-cards,image_ratio,enum,False,field_class_mapped,.igp-pro-card--ratio-landscape | .igp-pro-card--ratio-portrait | .igp-pro-card--ratio-square,02-listing-card-systems.html#tour-cards:default; 02-listing-card-systems.html#tour-cards:grid; 02-listing-card-systems.html#tour-cards:carousel-safe; 02-listing-card-systems.html#tour-cards:list; 02-listing-card-systems.html#tour-cards:featured
tour_facts,tour-facts,heading,object,True,semantic_heading_mapped,.igp-block__header | .igp-block__heading,04-journey-logistics.html#tour-facts:default; 04-journey-logistics.html#tour-facts:grid; 04-journey-logistics.html#tour-facts:compact; 04-journey-logistics.html#tour-facts:icons
tour_facts,tour-facts,heading.text,string,True,field_class_mapped,.igp-block__heading | .igp-pro-block-title,04-journey-logistics.html#tour-facts:default; 04-journey-logistics.html#tour-facts:grid; 04-journey-logistics.html#tour-facts:compact; 04-journey-logistics.html#tour-facts:icons
tour_facts,tour-facts,heading.level,enum,False,semantic_heading_mapped,.igp-block__heading--h2 | .igp-block__heading--h3 | .igp-block__heading--h4,04-journey-logistics.html#tour-facts:default; 04-journey-logistics.html#tour-facts:grid; 04-journey-logistics.html#tour-facts:compact; 04-journey-logistics.html#tour-facts:icons
tour_facts,tour-facts,heading.eyebrow,string,False,field_class_mapped,.igp-block__eyebrow | .igp-pro-block-eyebrow,04-journey-logistics.html#tour-facts:default; 04-journey-logistics.html#tour-facts:grid; 04-journey-logistics.html#tour-facts:compact; 04-journey-logistics.html#tour-facts:icons
tour_facts,tour-facts,heading.visible,boolean,False,semantic_heading_mapped,.igp-block__header | .igp-block__heading,04-journey-logistics.html#tour-facts:default; 04-journey-logistics.html#tour-facts:grid; 04-journey-logistics.html#tour-facts:compact; 04-journey-logistics.html#tour-facts:icons
tour_facts,tour-facts,style,object,False,style_object_mapped,.igp-block--tour-facts,04-journey-logistics.html#tour-facts:default; 04-journey-logistics.html#tour-facts:grid; 04-journey-logistics.html#tour-facts:compact; 04-journey-logistics.html#tour-facts:icons
tour_facts,tour-facts,style.variant,enum,False,style_class_mapped,.igp-variant--<schema variant>,04-journey-logistics.html#tour-facts:default; 04-journey-logistics.html#tour-facts:grid; 04-journey-logistics.html#tour-facts:compact; 04-journey-logistics.html#tour-facts:icons
tour_facts,tour-facts,style.density,enum,False,style_class_mapped,.igp-density--compact | .igp-density--comfortable | .igp-density--spacious,04-journey-logistics.html#tour-facts:default; 04-journey-logistics.html#tour-facts:grid; 04-journey-logistics.html#tour-facts:compact; 04-journey-logistics.html#tour-facts:icons
tour_facts,tour-facts,style.theme,enum,False,style_class_mapped,.igp-theme--default | .igp-theme--brand | .igp-theme--neutral | .igp-theme--light | .igp-theme--dark | .igp-theme--accent | .igp-theme--muted,04-journey-logistics.html#tour-facts:default; 04-journey-logistics.html#tour-facts:grid; 04-journey-logistics.html#tour-facts:compact; 04-journey-logistics.html#tour-facts:icons
tour_facts,tour-facts,style.container,enum,False,style_class_mapped,.igp-container--narrow | .igp-container--default | .igp-container--wide | .igp-container--full,04-journey-logistics.html#tour-facts:default; 04-journey-logistics.html#tour-facts:grid; 04-journey-logistics.html#tour-facts:compact; 04-journey-logistics.html#tour-facts:icons
tour_facts,tour-facts,style.surface,enum,False,style_class_mapped,.igp-surface--default | .igp-surface--flat | .igp-surface--elevated | .igp-surface--card | .igp-surface--tinted | .igp-surface--transparent,04-journey-logistics.html#tour-facts:default; 04-journey-logistics.html#tour-facts:grid; 04-journey-logistics.html#tour-facts:compact; 04-journey-logistics.html#tour-facts:icons
tour_facts,tour-facts,style.media_position,enum,False,style_class_mapped,.igp-media-position--auto | .igp-media-position--left | .igp-media-position--right | .igp-media-position--top | .igp-media-position--bottom | .igp-media-position--background | .igp-media-position--none,04-journey-logistics.html#tour-facts:default; 04-journey-logistics.html#tour-facts:grid; 04-journey-logistics.html#tour-facts:compact; 04-journey-logistics.html#tour-facts:icons
tour_facts,tour-facts,intro,text,False,field_class_mapped,.igp-pro-tour-facts__intro,04-journey-logistics.html#tour-facts:default; 04-journey-logistics.html#tour-facts:grid; 04-journey-logistics.html#tour-facts:compact; 04-journey-logistics.html#tour-facts:icons
tour_facts,tour-facts,facts,repeater,False,field_class_mapped,.igp-pro-tour-facts__grid,04-journey-logistics.html#tour-facts:default; 04-journey-logistics.html#tour-facts:grid; 04-journey-logistics.html#tour-facts:compact; 04-journey-logistics.html#tour-facts:icons
tour_facts,tour-facts,facts[].label,string,True,field_class_mapped,.igp-pro-tour-facts__item dt,04-journey-logistics.html#tour-facts:default; 04-journey-logistics.html#tour-facts:grid; 04-journey-logistics.html#tour-facts:compact; 04-journey-logistics.html#tour-facts:icons
tour_facts,tour-facts,facts[].value,string,True,field_class_mapped,.igp-pro-tour-facts__value,04-journey-logistics.html#tour-facts:default; 04-journey-logistics.html#tour-facts:grid; 04-journey-logistics.html#tour-facts:compact; 04-journey-logistics.html#tour-facts:icons
tour_facts,tour-facts,facts[].icon,string,False,field_class_mapped,.igp-pro-tour-facts__icon,04-journey-logistics.html#tour-facts:default; 04-journey-logistics.html#tour-facts:grid; 04-journey-logistics.html#tour-facts:compact; 04-journey-logistics.html#tour-facts:icons
tour_facts,tour-facts,facts[].note,string,False,field_class_mapped,.igp-pro-tour-facts__note,04-journey-logistics.html#tour-facts:default; 04-journey-logistics.html#tour-facts:grid; 04-journey-logistics.html#tour-facts:compact; 04-journey-logistics.html#tour-facts:icons
trust,trust,heading,object,False,semantic_heading_mapped,.igp-block__header | .igp-block__heading,01-foundation-conversion.html#trust:default; 01-foundation-conversion.html#trust:logo-strip; 01-foundation-conversion.html#trust:testimonial-cards; 01-foundation-conversion.html#trust:stats
trust,trust,heading.text,string,False,field_class_mapped,.igp-block__heading | .igp-pro-block-title,01-foundation-conversion.html#trust:default; 01-foundation-conversion.html#trust:logo-strip; 01-foundation-conversion.html#trust:testimonial-cards; 01-foundation-conversion.html#trust:stats
trust,trust,heading.level,enum,False,semantic_heading_mapped,.igp-block__heading--h2 | .igp-block__heading--h3 | .igp-block__heading--h4,01-foundation-conversion.html#trust:default; 01-foundation-conversion.html#trust:logo-strip; 01-foundation-conversion.html#trust:testimonial-cards; 01-foundation-conversion.html#trust:stats
trust,trust,heading.eyebrow,string,False,field_class_mapped,.igp-block__eyebrow | .igp-pro-block-eyebrow,01-foundation-conversion.html#trust:default; 01-foundation-conversion.html#trust:logo-strip; 01-foundation-conversion.html#trust:testimonial-cards; 01-foundation-conversion.html#trust:stats
trust,trust,heading.visible,boolean,False,semantic_heading_mapped,.igp-block__header | .igp-block__heading,01-foundation-conversion.html#trust:default; 01-foundation-conversion.html#trust:logo-strip; 01-foundation-conversion.html#trust:testimonial-cards; 01-foundation-conversion.html#trust:stats
trust,trust,style,object,False,style_object_mapped,.igp-block--trust,01-foundation-conversion.html#trust:default; 01-foundation-conversion.html#trust:logo-strip; 01-foundation-conversion.html#trust:testimonial-cards; 01-foundation-conversion.html#trust:stats
trust,trust,style.variant,enum,False,style_class_mapped,.igp-variant--<schema variant>,01-foundation-conversion.html#trust:default; 01-foundation-conversion.html#trust:logo-strip; 01-foundation-conversion.html#trust:testimonial-cards; 01-foundation-conversion.html#trust:stats
trust,trust,style.density,enum,False,style_class_mapped,.igp-density--compact | .igp-density--comfortable | .igp-density--spacious,01-foundation-conversion.html#trust:default; 01-foundation-conversion.html#trust:logo-strip; 01-foundation-conversion.html#trust:testimonial-cards; 01-foundation-conversion.html#trust:stats
trust,trust,style.theme,enum,False,style_class_mapped,.igp-theme--default | .igp-theme--brand | .igp-theme--neutral | .igp-theme--light | .igp-theme--dark | .igp-theme--accent | .igp-theme--muted,01-foundation-conversion.html#trust:default; 01-foundation-conversion.html#trust:logo-strip; 01-foundation-conversion.html#trust:testimonial-cards; 01-foundation-conversion.html#trust:stats
trust,trust,style.container,enum,False,style_class_mapped,.igp-container--narrow | .igp-container--default | .igp-container--wide | .igp-container--full,01-foundation-conversion.html#trust:default; 01-foundation-conversion.html#trust:logo-strip; 01-foundation-conversion.html#trust:testimonial-cards; 01-foundation-conversion.html#trust:stats
trust,trust,style.surface,enum,False,style_class_mapped,.igp-surface--default | .igp-surface--flat | .igp-surface--elevated | .igp-surface--card | .igp-surface--tinted | .igp-surface--transparent,01-foundation-conversion.html#trust:default; 01-foundation-conversion.html#trust:logo-strip; 01-foundation-conversion.html#trust:testimonial-cards; 01-foundation-conversion.html#trust:stats
trust,trust,style.media_position,enum,False,style_class_mapped,.igp-media-position--auto | .igp-media-position--left | .igp-media-position--right | .igp-media-position--top | .igp-media-position--bottom | .igp-media-position--background | .igp-media-position--none,01-foundation-conversion.html#trust:default; 01-foundation-conversion.html#trust:logo-strip; 01-foundation-conversion.html#trust:testimonial-cards; 01-foundation-conversion.html#trust:stats
trust,trust,rating,string,False,field_class_mapped,.igp-pro-trust__summary strong,01-foundation-conversion.html#trust:default; 01-foundation-conversion.html#trust:logo-strip; 01-foundation-conversion.html#trust:testimonial-cards; 01-foundation-conversion.html#trust:stats
trust,trust,source,string,False,field_class_mapped,.igp-pro-trust__summary span,01-foundation-conversion.html#trust:default; 01-foundation-conversion.html#trust:logo-strip; 01-foundation-conversion.html#trust:testimonial-cards; 01-foundation-conversion.html#trust:stats
trust,trust,layout,enum,False,field_class_mapped,.igp-pro-trust--cards | .igp-pro-trust--strip | .igp-pro-trust--logos | .igp-pro-trust--split,01-foundation-conversion.html#trust:default; 01-foundation-conversion.html#trust:logo-strip; 01-foundation-conversion.html#trust:testimonial-cards; 01-foundation-conversion.html#trust:stats
trust,trust,items,repeater,False,field_class_mapped,.igp-pro-trust__items,01-foundation-conversion.html#trust:default; 01-foundation-conversion.html#trust:logo-strip; 01-foundation-conversion.html#trust:testimonial-cards; 01-foundation-conversion.html#trust:stats
trust,trust,items[].quote,text,False,field_class_mapped,.igp-pro-trust__item blockquote,01-foundation-conversion.html#trust:default; 01-foundation-conversion.html#trust:logo-strip; 01-foundation-conversion.html#trust:testimonial-cards; 01-foundation-conversion.html#trust:stats
trust,trust,items[].name,string,False,field_class_mapped,.igp-pro-trust__item figcaption strong,01-foundation-conversion.html#trust:default; 01-foundation-conversion.html#trust:logo-strip; 01-foundation-conversion.html#trust:testimonial-cards; 01-foundation-conversion.html#trust:stats
trust,trust,items[].label,string,False,field_class_mapped,.igp-pro-trust__item figcaption span,01-foundation-conversion.html#trust:default; 01-foundation-conversion.html#trust:logo-strip; 01-foundation-conversion.html#trust:testimonial-cards; 01-foundation-conversion.html#trust:stats
trust,trust,items[].image,image,False,field_class_mapped,.igp-pro-trust__avatar,01-foundation-conversion.html#trust:default; 01-foundation-conversion.html#trust:logo-strip; 01-foundation-conversion.html#trust:testimonial-cards; 01-foundation-conversion.html#trust:stats
trust,trust,logos,repeater,False,field_class_mapped,.igp-pro-trust__logos,01-foundation-conversion.html#trust:default; 01-foundation-conversion.html#trust:logo-strip; 01-foundation-conversion.html#trust:testimonial-cards; 01-foundation-conversion.html#trust:stats
trust,trust,logos[].url,string,False,field_class_mapped,.igp-pro-trust__logo img,01-foundation-conversion.html#trust:default; 01-foundation-conversion.html#trust:logo-strip; 01-foundation-conversion.html#trust:testimonial-cards; 01-foundation-conversion.html#trust:stats
trust,trust,logos[].alt,string,False,field_class_mapped,.igp-pro-trust__logo img,01-foundation-conversion.html#trust:default; 01-foundation-conversion.html#trust:logo-strip; 01-foundation-conversion.html#trust:testimonial-cards; 01-foundation-conversion.html#trust:stats
trust,trust,logos[].label,string,False,field_class_mapped,.igp-pro-trust__logo span,01-foundation-conversion.html#trust:default; 01-foundation-conversion.html#trust:logo-strip; 01-foundation-conversion.html#trust:testimonial-cards; 01-foundation-conversion.html#trust:stats
trust,trust,logos[].link,string,False,field_class_mapped,.igp-pro-trust__logo a,01-foundation-conversion.html#trust:default; 01-foundation-conversion.html#trust:logo-strip; 01-foundation-conversion.html#trust:testimonial-cards; 01-foundation-conversion.html#trust:stats
visa_requirements,visa-requirements,heading,object,True,semantic_heading_mapped,.igp-block__header | .igp-block__heading,04-journey-logistics.html#visa-requirements:default; 04-journey-logistics.html#visa-requirements:checklist; 04-journey-logistics.html#visa-requirements:cards; 04-journey-logistics.html#visa-requirements:compact
visa_requirements,visa-requirements,heading.text,string,True,field_class_mapped,.igp-block__heading | .igp-pro-block-title,04-journey-logistics.html#visa-requirements:default; 04-journey-logistics.html#visa-requirements:checklist; 04-journey-logistics.html#visa-requirements:cards; 04-journey-logistics.html#visa-requirements:compact
visa_requirements,visa-requirements,heading.level,enum,False,semantic_heading_mapped,.igp-block__heading--h2 | .igp-block__heading--h3 | .igp-block__heading--h4,04-journey-logistics.html#visa-requirements:default; 04-journey-logistics.html#visa-requirements:checklist; 04-journey-logistics.html#visa-requirements:cards; 04-journey-logistics.html#visa-requirements:compact
visa_requirements,visa-requirements,heading.eyebrow,string,False,field_class_mapped,.igp-block__eyebrow | .igp-pro-block-eyebrow,04-journey-logistics.html#visa-requirements:default; 04-journey-logistics.html#visa-requirements:checklist; 04-journey-logistics.html#visa-requirements:cards; 04-journey-logistics.html#visa-requirements:compact
visa_requirements,visa-requirements,heading.visible,boolean,False,semantic_heading_mapped,.igp-block__header | .igp-block__heading,04-journey-logistics.html#visa-requirements:default; 04-journey-logistics.html#visa-requirements:checklist; 04-journey-logistics.html#visa-requirements:cards; 04-journey-logistics.html#visa-requirements:compact
visa_requirements,visa-requirements,style,object,False,style_object_mapped,.igp-block--visa-requirements,04-journey-logistics.html#visa-requirements:default; 04-journey-logistics.html#visa-requirements:checklist; 04-journey-logistics.html#visa-requirements:cards; 04-journey-logistics.html#visa-requirements:compact
visa_requirements,visa-requirements,style.variant,enum,False,style_class_mapped,.igp-variant--<schema variant>,04-journey-logistics.html#visa-requirements:default; 04-journey-logistics.html#visa-requirements:checklist; 04-journey-logistics.html#visa-requirements:cards; 04-journey-logistics.html#visa-requirements:compact
visa_requirements,visa-requirements,style.density,enum,False,style_class_mapped,.igp-density--compact | .igp-density--comfortable | .igp-density--spacious,04-journey-logistics.html#visa-requirements:default; 04-journey-logistics.html#visa-requirements:checklist; 04-journey-logistics.html#visa-requirements:cards; 04-journey-logistics.html#visa-requirements:compact
visa_requirements,visa-requirements,style.theme,enum,False,style_class_mapped,.igp-theme--default | .igp-theme--brand | .igp-theme--neutral | .igp-theme--light | .igp-theme--dark | .igp-theme--accent | .igp-theme--muted,04-journey-logistics.html#visa-requirements:default; 04-journey-logistics.html#visa-requirements:checklist; 04-journey-logistics.html#visa-requirements:cards; 04-journey-logistics.html#visa-requirements:compact
visa_requirements,visa-requirements,style.container,enum,False,style_class_mapped,.igp-container--narrow | .igp-container--default | .igp-container--wide | .igp-container--full,04-journey-logistics.html#visa-requirements:default; 04-journey-logistics.html#visa-requirements:checklist; 04-journey-logistics.html#visa-requirements:cards; 04-journey-logistics.html#visa-requirements:compact
visa_requirements,visa-requirements,style.surface,enum,False,style_class_mapped,.igp-surface--default | .igp-surface--flat | .igp-surface--elevated | .igp-surface--card | .igp-surface--tinted | .igp-surface--transparent,04-journey-logistics.html#visa-requirements:default; 04-journey-logistics.html#visa-requirements:checklist; 04-journey-logistics.html#visa-requirements:cards; 04-journey-logistics.html#visa-requirements:compact
visa_requirements,visa-requirements,style.media_position,enum,False,style_class_mapped,.igp-media-position--auto | .igp-media-position--left | .igp-media-position--right | .igp-media-position--top | .igp-media-position--bottom | .igp-media-position--background | .igp-media-position--none,04-journey-logistics.html#visa-requirements:default; 04-journey-logistics.html#visa-requirements:checklist; 04-journey-logistics.html#visa-requirements:cards; 04-journey-logistics.html#visa-requirements:compact
visa_requirements,visa-requirements,intro,text,False,field_class_mapped,.igp-pro-visa-requirements__intro,04-journey-logistics.html#visa-requirements:default; 04-journey-logistics.html#visa-requirements:checklist; 04-journey-logistics.html#visa-requirements:cards; 04-journey-logistics.html#visa-requirements:compact
visa_requirements,visa-requirements,requirements,repeater,False,field_class_mapped,.igp-pro-visa-requirements__list,04-journey-logistics.html#visa-requirements:default; 04-journey-logistics.html#visa-requirements:checklist; 04-journey-logistics.html#visa-requirements:cards; 04-journey-logistics.html#visa-requirements:compact
visa_requirements,visa-requirements,requirements[].title,string,True,field_class_mapped,.igp-pro-visa-requirements__item h3,04-journey-logistics.html#visa-requirements:default; 04-journey-logistics.html#visa-requirements:checklist; 04-journey-logistics.html#visa-requirements:cards; 04-journey-logistics.html#visa-requirements:compact
visa_requirements,visa-requirements,requirements[].description,text,False,field_class_mapped,.igp-pro-visa-requirements__item p,04-journey-logistics.html#visa-requirements:default; 04-journey-logistics.html#visa-requirements:checklist; 04-journey-logistics.html#visa-requirements:cards; 04-journey-logistics.html#visa-requirements:compact
visa_requirements,visa-requirements,requirements[].required,boolean,False,field_class_mapped,.igp-pro-visa-requirements__status,04-journey-logistics.html#visa-requirements:default; 04-journey-logistics.html#visa-requirements:checklist; 04-journey-logistics.html#visa-requirements:cards; 04-journey-logistics.html#visa-requirements:compact
visa_requirements,visa-requirements,requirements[].applies_to,string,False,field_class_mapped,.igp-pro-visa-requirements__applies,04-journey-logistics.html#visa-requirements:default; 04-journey-logistics.html#visa-requirements:checklist; 04-journey-logistics.html#visa-requirements:cards; 04-journey-logistics.html#visa-requirements:compact
visa_requirements,visa-requirements,requirements[].link_label,string,False,field_class_mapped,.igp-pro-text-link,04-journey-logistics.html#visa-requirements:default; 04-journey-logistics.html#visa-requirements:checklist; 04-journey-logistics.html#visa-requirements:cards; 04-journey-logistics.html#visa-requirements:compact
visa_requirements,visa-requirements,requirements[].link_url,string,False,field_class_mapped,.igp-pro-text-link,04-journey-logistics.html#visa-requirements:default; 04-journey-logistics.html#visa-requirements:checklist; 04-journey-logistics.html#visa-requirements:cards; 04-journey-logistics.html#visa-requirements:compact
visa_requirements,visa-requirements,documents,repeater,False,field_class_mapped,.igp-pro-visa-requirements__documents,04-journey-logistics.html#visa-requirements:default; 04-journey-logistics.html#visa-requirements:checklist; 04-journey-logistics.html#visa-requirements:cards; 04-journey-logistics.html#visa-requirements:compact
visa_requirements,visa-requirements,documents[].item,string,True,field_class_mapped,.igp-pro-visa-requirements__documents li strong,04-journey-logistics.html#visa-requirements:default; 04-journey-logistics.html#visa-requirements:checklist; 04-journey-logistics.html#visa-requirements:cards; 04-journey-logistics.html#visa-requirements:compact
visa_requirements,visa-requirements,documents[].note,string,False,field_class_mapped,.igp-pro-visa-requirements__documents li,04-journey-logistics.html#visa-requirements:default; 04-journey-logistics.html#visa-requirements:checklist; 04-journey-logistics.html#visa-requirements:cards; 04-journey-logistics.html#visa-requirements:compact
visa_requirements,visa-requirements,disclaimer,text,False,field_class_mapped,.igp-pro-visa-requirements__note,04-journey-logistics.html#visa-requirements:default; 04-journey-logistics.html#visa-requirements:checklist; 04-journey-logistics.html#visa-requirements:cards; 04-journey-logistics.html#visa-requirements:compact
visa_requirements,visa-requirements,last_updated,string,False,field_class_mapped,.igp-pro-visa-requirements__note,04-journey-logistics.html#visa-requirements:default; 04-journey-logistics.html#visa-requirements:checklist; 04-journey-logistics.html#visa-requirements:cards; 04-journey-logistics.html#visa-requirements:compact
